SD,20,26,02,01,00,03,38,   24.00,   23.54, 1015.55,   -21.2,   40.61
SD,20,26,02,01,00,13,38,   24.00,   23.44, 1015.71,   -22.5,   41.19
SD,20,26,02,01,00,23,38,   23.75,   23.32, 1015.20,   -18.3,   41.32
SD,20,26,02,01,00,33,38,   23.75,   23.21, 1014.82,   -15.1,   41.16
SD,20,26,02,01,00,43,38,   23.75,   23.11, 1014.94,   -16.1,   41.17
SD,20,26,02,01,00,53,38,   23.50,   23.06, 1014.75,   -14.6,   41.15
SD,20,26,02,01,01,03,38,   23.50,   22.99, 1014.90,   -15.8,   41.32
SD,20,26,02,01,01,13,38,   23.50,   22.90, 1014.62,   -13.5,   41.42
SD,20,26,02,01,01,23,38,   23.50,   22.85, 1014.52,   -12.6,   41.36
SD,20,26,02,01,01,33,38,   23.25,   22.80, 1014.30,   -10.8,   41.28
SD,20,26,02,01,01,43,38,   23.25,   22.74, 1014.17,    -9.8,   41.42
SD,20,26,02,01,01,53,38,   23.25,   22.70, 1014.12,    -9.3,   41.43
SD,20,26,02,01,02,03,38,   23.25,   22.66, 1013.99,    -8.3,   41.42
SD,20,26,02,01,02,13,38,   23.25,   22.62, 1013.92,    -7.6,   41.38
SD,20,26,02,01,02,23,38,   23.25,   22.57, 1013.98,    -8.2,   41.38
SD,20,26,02,01,02,33,38,   23.00,   22.56, 1014.03,    -8.5,   41.45
SD,20,26,02,01,02,43,38,   23.25,   22.52, 1014.29,   -10.8,   41.44
SD,20,26,02,01,02,53,38,   23.00,   22.48, 1014.02,    -8.5,   41.41
SD,20,26,02,01,03,03,38,   23.00,   22.46, 1013.95,    -7.9,   41.42
SD,20,26,02,01,03,13,38,   23.00,   22.43, 1013.96,    -8.0,   41.44
SD,20,26,02,01,03,23,38,   23.00,   22.41, 1014.16,    -9.7,   41.35
SD,20,26,02,01,03,33,38,   23.00,   22.38, 1013.96,    -8.0,   41.39
SD,20,26,02,01,03,43,38,   22.75,   22.36, 1014.04,    -8.7,   41.37
SD,20,26,02,01,03,53,38,   23.00,   22.33, 1013.99,    -8.3,   41.38
SD,20,26,02,01,04,03,38,   22.75,   22.29, 1014.01,    -8.4,   41.39
SD,20,26,02,01,04,13,38,   22.75,   22.27, 1014.04,    -8.6,   41.34
SD,20,26,02,01,04,23,38,   22.75,   22.23, 1014.20,   -10.0,   41.35
SD,20,26,02,01,04,33,38,   22.75,   22.22, 1014.29,   -10.7,   41.35
SD,20,26,02,01,04,43,38,   22.75,   22.21, 1014.49,   -12.4,   41.32
SD,20,26,02,01,04,53,38,   22.75,   22.18, 1014.49,   -12.4,   41.36
SD,20,26,02,01,05,03,38,   22.75,   22.16, 1014.53,   -12.7,   41.34
SD,20,26,02,01,05,13,38,   22.75,   22.10, 1014.79,   -14.9,   41.38
SD,20,26,02,01,05,23,38,   22.75,   22.10, 1014.81,   -15.0,   41.30
SD,20,26,02,01,05,33,38,   22.50,   22.07, 1014.76,   -14.7,   41.36
SD,20,26,02,01,05,43,38,   22.75,   22.06, 1014.71,   -14.2,   41.32
SD,20,26,02,01,05,53,38,   22.75,   22.04, 1014.81,   -15.1,   41.31
SD,20,26,02,01,06,03,38,   22.50,   22.01, 1014.82,   -15.2,   41.32
SD,20,26,02,01,06,13,38,   22.50,   21.99, 1014.59,   -13.2,   41.27
SD,20,26,02,01,06,23,38,   22.50,   21.96, 1014.47,   -12.2,   41.30
SD,20,26,02,01,06,33,38,   22.50,   21.95, 1014.37,   -11.4,   41.29
SD,20,26,02,01,06,43,38,   22.50,   21.94, 1014.37,   -11.5,   41.23
SD,20,26,02,01,06,53,38,   22.50,   21.92, 1014.61,   -13.4,   41.26
SD,20,26,02,01,07,03,38,   22.50,   21.89, 1014.66,   -13.8,   41.27
SD,20,26,02,01,07,13,38,   22.50,   21.88, 1014.77,   -14.7,   41.26
SD,20,26,02,01,07,23,38,   22.50,   21.85, 1014.88,   -15.6,   41.28
SD,20,26,02,01,07,33,38,   22.25,   21.82, 1015.14,   -17.8,   41.30
SD,20,26,02,01,07,43,38,   22.25,   21.80, 1015.26,   -18.8,   41.25
SD,20,26,02,01,07,53,38,   22.25,   21.79, 1015.42,   -20.1,   41.23
SD,20,26,02,01,08,03,38,   22.25,   21.79, 1015.57,   -21.4,   41.20
SD,20,26,02,01,08,13,38,   22.25,   21.76, 1015.53,   -21.1,   41.25
SD,20,26,02,01,08,23,38,   22.25,   21.74, 1015.55,   -21.2,   41.29
SD,20,26,02,01,08,33,38,   22.25,   21.73, 1015.69,   -22.4,   41.21
SD,20,26,02,01,08,43,38,   22.25,   21.72, 1015.64,   -22.0,   41.38
SD,20,26,02,01,08,53,38,   22.75,   21.79, 1015.77,   -23.1,   41.73
SD,20,26,02,01,09,03,38,   22.75,   21.81, 1015.71,   -22.6,   42.18
SD,20,26,02,01,09,13,38,   23.00,   21.95, 1015.86,   -23.8,   42.21
SD,20,26,02,01,09,23,38,   23.25,   22.12, 1016.07,   -25.6,   42.14
SD,20,26,02,01,09,33,38,   23.25,   22.25, 1016.09,   -25.7,   42.02
SD,20,26,02,01,09,43,38,   23.50,   22.40, 1016.09,   -25.7,   41.85
SD,20,26,02,01,09,53,38,   23.50,   22.51, 1016.17,   -26.4,   41.76
SD,20,26,02,01,10,03,38,   23.75,   22.58, 1016.38,   -28.1,   41.67
SD,20,26,02,01,10,13,38,   23.75,   22.69, 1016.52,   -29.3,   41.48
SD,20,26,02,01,10,23,38,   23.75,   22.76, 1016.68,   -30.6,   41.43
SD,20,26,02,01,10,33,38,   23.75,   22.79, 1016.88,   -32.3,   41.46
SD,20,26,02,01,10,43,38,   23.75,   22.82, 1016.91,   -32.5,   41.36
SD,20,26,02,01,10,56,18,   23.75,   22.85, 1016.98,   -33.1,   41.52
SD,20,26,02,01,11,06,18,   23.75,   22.87, 1017.17,   -34.6,   41.01
SD,20,26,02,01,11,16,18,   24.00,   22.93, 1017.23,   -35.1,   40.94
SD,20,26,02,01,11,26,18,   24.00,   22.93, 1017.47,   -37.1,   41.19
SD,20,26,02,01,11,36,18,   23.75,   23.02, 1017.40,   -36.6,   41.29
SD,20,26,02,01,11,46,18,   23.50,   23.00, 1017.41,   -36.7,   40.95
SD,20,26,02,01,11,56,18,   23.50,   22.94, 1017.67,   -38.8,   40.70
SD,20,26,02,01,12,06,18,   23.50,   22.92, 1017.79,   -39.8,   40.56
SD,20,26,02,01,12,16,18,   23.75,   22.91, 1017.90,   -40.7,   40.76
SD,20,26,02,01,12,26,18,   23.75,   23.01, 1017.83,   -40.2,   40.71
SD,20,26,02,01,12,36,18,   24.00,   23.10, 1017.78,   -39.7,   40.53
SD,20,26,02,01,12,46,18,   24.00,   23.20, 1017.75,   -39.5,   40.42
SD,20,26,02,01,12,56,18,   23.75,   23.10, 1017.96,   -41.2,   40.42
SD,20,26,02,01,13,06,18,   23.75,   22.72, 1018.19,   -43.1,   40.96
SD,20,26,02,01,13,16,18,   23.25,   22.51, 1018.33,   -44.3,   41.40
SD,20,26,02,01,13,26,18,   23.50,   22.54, 1018.02,   -41.7,   41.38
SD,20,26,02,01,13,36,18,   23.25,   22.54, 1018.12,   -42.5,   41.43
SD,20,26,02,01,13,46,18,   23.50,   22.84, 1018.13,   -42.6,   41.11
SD,20,26,02,01,13,56,18,   23.50,   22.85, 1018.09,   -42.3,   40.94
SD,20,26,02,01,14,06,18,   23.50,   22.75, 1018.19,   -43.1,   40.86
SD,20,26,02,01,14,16,18,   23.50,   22.75, 1018.32,   -44.2,   41.10
SD,20,26,02,01,14,26,18,   23.75,   22.90, 1018.40,   -44.9,   41.26
SD,20,26,02,01,14,36,18,   23.75,   23.00, 1018.61,   -46.6,   41.18
SD,20,26,02,01,14,46,18,   23.75,   23.07, 1018.77,   -47.9,   41.18
SD,20,26,02,01,14,56,18,   23.25,   22.78, 1018.88,   -48.8,   41.28
SD,20,26,02,01,15,06,18,   23.25,   22.75, 1018.95,   -49.5,   41.51
SD,20,26,02,01,15,16,18,   23.25,   22.71, 1019.05,   -50.3,   41.51
SD,20,26,02,01,15,26,18,   23.50,   22.84, 1019.31,   -52.4,   41.28
SD,20,26,02,01,15,36,18,   23.75,   22.95, 1019.42,   -53.4,   41.70
SD,20,26,02,01,15,46,18,   23.50,   23.05, 1019.47,   -53.7,   41.82
SD,20,26,02,01,15,56,18,   23.75,   23.01, 1019.60,   -54.8,   42.31
SD,20,26,02,01,16,06,18,   23.75,   22.88, 1019.77,   -56.2,   41.82
SD,20,26,02,01,16,16,18,   24.00,   22.98, 1019.87,   -57.1,   41.99
SD,20,26,02,01,16,26,18,   24.00,   23.12, 1019.93,   -57.6,   41.84
SD,20,26,02,01,16,36,18,   24.00,   23.28, 1020.00,   -58.2,   41.73
SD,20,26,02,01,16,46,18,   24.25,   23.44, 1020.29,   -60.5,   41.60
SD,20,26,02,01,17,06,01,   24.25,   23.52, 1020.52,   -62.4,   41.59
SD,20,26,02,01,17,16,01,   24.25,   23.57, 1020.60,   -63.1,   41.64
SD,20,26,02,01,17,26,01,   24.25,   23.45, 1020.57,   -62.9,   41.18
SD,20,26,02,01,17,36,01,   24.25,   23.52, 1020.69,   -63.9,   41.38
SD,20,26,02,01,17,46,01,   24.25,   23.60, 1020.80,   -64.7,   41.40
SD,20,26,02,01,17,56,01,   24.25,   23.70, 1020.85,   -65.1,   41.27
SD,20,26,02,01,18,06,01,   24.50,   23.76, 1021.05,   -66.8,   41.26
SD,20,26,02,01,18,16,01,   24.50,   23.83, 1021.08,   -67.1,   41.28
SD,20,26,02,01,18,26,01,   24.50,   23.88, 1021.05,   -66.9,   41.26
SD,20,26,02,01,18,36,01,   24.50,   23.92, 1021.24,   -68.4,   41.19
SD,20,26,02,01,18,46,01,   24.50,   23.88, 1021.30,   -68.9,   40.77
SD,20,26,02,01,18,56,01,   24.50,   23.81, 1021.44,   -70.1,   40.66
SD,20,26,02,01,19,06,01,   24.00,   23.64, 1021.54,   -70.9,   41.01
SD,20,26,02,01,19,16,01,   24.00,   23.56, 1021.65,   -71.8,   41.46
SD,20,26,02,01,19,26,01,   24.00,   23.50, 1021.87,   -73.6,   41.68
SD,20,26,02,01,19,36,01,   23.75,   23.49, 1022.01,   -74.8,   41.68
SD,20,26,02,01,19,46,01,   23.75,   23.44, 1022.10,   -75.5,   41.86
SD,20,26,02,01,19,56,01,   23.75,   23.42, 1022.20,   -76.4,   41.88
SD,20,26,02,01,20,06,01,   24.00,   23.45, 1022.35,   -77.6,   41.76
SD,20,26,02,01,20,16,01,   23.75,   23.30, 1022.55,   -79.2,   41.97
SD,20,26,02,01,20,26,01,   23.75,   23.29, 1022.66,   -80.1,   41.94
SD,20,26,02,01,20,36,01,   23.75,   23.26, 1022.69,   -80.4,   41.91
SD,20,26,02,01,20,46,01,   23.75,   23.24, 1022.83,   -81.5,   41.92
SD,20,26,02,01,20,56,01,   24.00,   23.30, 1022.95,   -82.5,   41.82
SD,20,26,02,01,21,06,01,   23.75,   23.27, 1023.13,   -84.0,   41.87
SD,20,26,02,01,21,16,01,   24.00,   23.27, 1023.24,   -84.9,   41.81
SD,20,26,02,01,21,29,40,   24.00,   23.20, 1023.21,   -84.7,   42.09
SD,20,26,02,01,21,39,40,   23.75,   23.18, 1023.24,   -84.9,   42.36
SD,20,26,02,01,21,49,40,   24.00,   23.20, 1023.42,   -86.4,   42.38
SD,20,26,02,01,21,59,40,   24.00,   23.23, 1023.38,   -86.0,   42.40
SD,20,26,02,01,22,09,40,   24.25,   23.29, 1023.38,   -86.1,   42.28
SD,20,26,02,01,22,19,40,   24.25,   23.30, 1023.49,   -87.0,   42.40
SD,20,26,02,01,22,29,40,   24.25,   23.35, 1023.42,   -86.4,   42.32
SD,20,26,02,01,22,39,40,   24.00,   23.35, 1023.46,   -86.8,   42.34
SD,20,26,02,01,22,49,40,   24.25,   23.39, 1023.57,   -87.6,   42.28
SD,20,26,02,01,22,59,40,   24.50,   23.45, 1023.56,   -87.6,   42.22
SD,20,26,02,01,23,09,40,   24.25,   23.53, 1023.57,   -87.6,   41.82
SD,20,26,02,01,23,19,40,   24.00,   23.40, 1023.65,   -88.3,   41.77
SD,20,26,02,01,23,29,40,   23.75,   23.27, 1023.66,   -88.4,   41.81
SD,20,26,02,01,23,39,40,   23.75,   23.14, 1023.60,   -87.9,   41.89
SD,20,26,02,01,23,49,40,   23.50,   23.05, 1023.72,   -88.9,   41.92
SD,20,26,02,01,23,59,40,   23.50,   22.88, 1023.65,   -88.3,   42.48
SD,20,26,02,02,00,09,40,   23.50,   22.85, 1023.69,   -88.6,   42.56
SD,20,26,02,02,00,19,40,   23.50,   22.85, 1023.70,   -88.7,   42.24
SD,20,26,02,02,00,29,40,   23.25,   22.77, 1023.65,   -88.3,   42.25
SD,20,26,02,02,00,39,40,   23.25,   22.72, 1023.70,   -88.7,   42.22
SD,20,26,02,02,00,49,40,   23.25,   22.67, 1023.75,   -89.2,   42.22
SD,20,26,02,02,00,59,40,   23.25,   22.62, 1023.95,   -90.8,   42.25
SD,20,26,02,02,01,09,40,   23.25,   22.59, 1023.99,   -91.1,   42.19
SD,20,26,02,02,01,19,40,   23.25,   22.53, 1023.96,   -90.9,   42.21
SD,20,26,02,02,01,29,40,   23.00,   22.51, 1024.03,   -91.5,   42.17
SD,20,26,02,02,01,39,40,   23.00,   22.45, 1023.82,   -89.8,   42.23
SD,20,26,02,02,01,49,40,   23.00,   22.43, 1023.87,   -90.1,   42.16
SD,20,26,02,02,01,59,40,   23.00,   22.39, 1023.86,   -90.1,   42.17
SD,20,26,02,02,02,09,40,   23.00,   22.36, 1023.87,   -90.1,   42.18
SD,20,26,02,02,02,19,40,   23.00,   22.34, 1023.79,   -89.5,   42.15
SD,20,26,02,02,02,29,40,   22.75,   22.31, 1023.63,   -88.2,   42.13
SD,20,26,02,02,02,39,40,   22.75,   22.28, 1023.47,   -86.8,   42.14
SD,20,26,02,02,02,49,40,   22.75,   22.27, 1023.29,   -85.3,   42.17
SD,20,26,02,02,02,59,40,   22.75,   22.23, 1023.39,   -86.2,   42.12
SD,20,26,02,02,03,09,40,   22.75,   22.21, 1023.52,   -87.3,   42.11
SD,20,26,02,02,03,19,40,   22.75,   22.18, 1023.68,   -88.6,   42.08
SD,20,26,02,02,03,29,40,   22.75,   22.16, 1023.69,   -88.6,   42.07
SD,20,26,02,02,03,39,40,   22.75,   22.15, 1023.62,   -88.1,   42.02
SD,20,26,02,02,03,49,40,   22.75,   22.12, 1023.57,   -87.6,   42.00
SD,20,26,02,02,03,59,40,   22.75,   22.08, 1023.30,   -85.4,   42.03
SD,20,26,02,02,04,09,40,   22.75,   22.08, 1022.99,   -82.9,   41.98
SD,20,26,02,02,04,19,40,   22.50,   22.04, 1022.83,   -81.5,   42.01
SD,20,26,02,02,04,29,40,   22.75,   22.00, 1022.86,   -81.8,   42.02
SD,20,26,02,02,04,39,40,   22.75,   22.00, 1022.81,   -81.4,   41.95
SD,20,26,02,02,04,49,40,   22.50,   21.96, 1022.77,   -81.0,   41.95
SD,20,26,02,02,04,59,40,   22.50,   21.96, 1022.83,   -81.6,   41.95
SD,20,26,02,02,05,09,40,   22.50,   21.92, 1022.84,   -81.6,   41.99
SD,20,26,02,02,05,19,40,   22.50,   21.91, 1022.78,   -81.1,   41.94
SD,20,26,02,02,05,29,40,   22.50,   21.90, 1022.67,   -80.2,   41.93
SD,20,26,02,02,05,39,40,   22.50,   21.86, 1022.52,   -79.0,   41.98
SD,20,26,02,02,05,49,40,   22.50,   21.86, 1022.72,   -80.6,   41.89
SD,20,26,02,02,05,59,40,   22.50,   21.84, 1022.91,   -82.2,   41.89
SD,20,26,02,02,06,09,40,   22.50,   21.82, 1022.73,   -80.8,   41.88
SD,20,26,02,02,06,19,40,   22.50,   21.81, 1022.83,   -81.5,   41.87
SD,20,26,02,02,06,29,40,   22.25,   21.79, 1022.76,   -81.0,   41.83
SD,20,26,02,02,06,39,40,   22.50,   21.78, 1023.10,   -83.8,   41.83
SD,20,26,02,02,06,49,40,   22.50,   21.75, 1023.19,   -84.5,   41.84
SD,20,26,02,02,06,59,40,   22.25,   21.73, 1023.05,   -83.3,   41.78
SD,20,26,02,02,07,09,40,   22.25,   21.73, 1023.14,   -84.1,   41.77
SD,20,26,02,02,07,19,40,   22.25,   21.71, 1023.26,   -85.1,   41.80
SD,20,26,02,02,07,29,40,   22.25,   21.69, 1023.46,   -86.7,   41.88
SD,20,26,02,02,07,39,40,   22.25,   21.66, 1023.43,   -86.5,   41.78
SD,20,26,02,02,07,49,40,   22.25,   21.67, 1023.48,   -86.9,   41.77
SD,20,26,02,02,07,59,40,   22.25,   21.66, 1023.63,   -88.2,   41.70
SD,20,26,02,02,08,09,40,   22.25,   21.63, 1023.72,   -88.9,   41.75
SD,20,26,02,02,08,19,40,   22.25,   21.62, 1023.78,   -89.4,   41.71
SD,20,26,02,02,08,29,40,   22.25,   21.61, 1023.86,   -90.1,   41.70
SD,20,26,02,02,08,39,40,   22.25,   21.60, 1023.91,   -90.4,   41.68
SD,20,26,02,02,08,49,40,   22.25,   21.63, 1023.91,   -90.5,   41.63
SD,20,26,02,02,08,59,40,   22.25,   21.65, 1023.97,   -91.0,   41.65
SD,20,26,02,02,09,09,40,   22.25,   21.67, 1023.95,   -90.8,   41.66
SD,20,26,02,02,09,19,40,   22.25,   21.68, 1023.98,   -91.1,   41.68
SD,20,26,02,02,09,29,40,   22.50,   21.70, 1024.03,   -91.4,   41.69
SD,20,26,02,02,09,39,40,   22.25,   21.71, 1023.99,   -91.1,   41.62
SD,20,26,02,02,09,49,40,   22.50,   21.74, 1023.99,   -91.1,   41.63
SD,20,26,02,02,09,59,40,   22.50,   21.74, 1024.04,   -91.5,   41.70
SD,20,26,02,02,10,09,40,   22.50,   21.75, 1024.04,   -91.6,   41.66
SD,20,26,02,02,10,19,40,   22.50,   21.77, 1024.23,   -93.1,   41.68
SD,20,26,02,02,10,29,40,   22.50,   21.67, 1024.40,   -94.5,   42.54
SD,20,26,02,02,10,39,40,   22.75,   21.89, 1024.51,   -95.5,   42.72
SD,20,26,02,02,10,49,40,   22.75,   21.85, 1024.65,   -96.6,   43.14
SD,20,26,02,02,10,59,40,   23.00,   21.96, 1024.69,   -96.9,   43.15
SD,20,26,02,02,11,09,40,   23.25,   22.02, 1024.73,   -97.2,   43.01
SD,20,26,02,02,11,19,40,   23.00,   22.13, 1024.84,   -98.1,   42.86
SD,20,26,02,02,11,29,40,   23.25,   22.18, 1024.83,   -98.0,   42.90
SD,20,26,02,02,11,39,40,   23.25,   22.28, 1024.87,   -98.3,   42.79
SD,20,26,02,02,11,49,40,   23.00,   22.35, 1024.95,   -99.0,   42.25
SD,20,26,02,02,11,59,40,   23.00,   22.27, 1025.05,   -99.8,   42.16
SD,20,26,02,02,12,09,40,   23.00,   22.20, 1025.09,  -100.2,   42.17
SD,20,26,02,02,12,19,40,   23.50,   22.37, 1025.03,   -99.7,   42.35
SD,20,26,02,02,12,29,40,   23.50,   22.46, 1025.06,   -99.9,   42.47
SD,20,26,02,02,12,39,40,   23.50,   22.53, 1025.00,   -99.4,   42.48
SD,20,26,02,02,12,49,40,   23.75,   22.58, 1025.07,  -100.0,   42.57
SD,20,26,02,02,12,59,40,   23.50,   22.62, 1025.06,   -99.9,   42.99
SD,20,26,02,02,13,09,40,   23.50,   22.71, 1025.00,   -99.5,   43.20
SD,20,26,02,02,13,19,40,   23.75,   22.74, 1025.03,   -99.7,   43.51
SD,20,26,02,02,13,29,40,   23.50,   22.51, 1025.04,   -99.8,   43.30
SD,20,26,02,02,13,39,40,   22.50,   22.09, 1024.95,   -99.0,   43.14
SD,20,26,02,02,13,49,40,   22.75,   22.17, 1024.95,   -99.1,   43.02
SD,20,26,02,02,13,59,40,   23.25,   22.24, 1024.99,   -99.4,   42.60
SD,20,26,02,02,14,09,40,   23.25,   22.24, 1024.93,   -98.9,   42.50
SD,20,26,02,02,14,19,40,   23.25,   22.29, 1024.98,   -99.3,   42.65
SD,20,26,02,02,14,29,40,   23.50,   22.36, 1024.98,   -99.3,   42.92
SD,20,26,02,02,14,39,40,   23.50,   22.46, 1025.01,   -99.5,   42.91
SD,20,26,02,02,14,49,40,   23.50,   22.53, 1025.07,  -100.0,   42.96
SD,20,26,02,02,14,59,40,   23.75,   22.64, 1025.19,  -101.0,   42.79
SD,20,26,02,02,15,09,40,   23.75,   22.67, 1025.27,  -101.6,   42.62
SD,20,26,02,02,15,29,34,   23.50,   22.69, 1025.45,  -103.3,   42.72
SD,20,26,02,02,15,39,34,   23.75,   22.73, 1025.60,  -104.4,   42.76
SD,20,26,02,02,15,49,34,   23.75,   22.81, 1025.76,  -105.8,   42.58
SD,20,26,02,02,15,59,34,   23.75,   22.83, 1025.79,  -106.0,   42.60
SD,20,26,02,02,16,09,34,   23.75,   22.86, 1025.88,  -106.7,   42.69
SD,20,26,02,02,16,21,22,   24.00,   22.94, 1026.03,  -107.9,   42.63
SD,20,26,02,02,16,32,02,   24.00,   23.04, 1026.12,  -108.7,   42.46
SD,20,26,02,02,16,42,02,   24.00,   23.16, 1026.28,  -110.0,   42.30
SD,20,26,02,02,16,52,02,   24.00,   23.25, 1026.49,  -111.7,   42.13
SD,20,26,02,02,17,02,02,   24.00,   23.23, 1026.60,  -112.6,   42.14
SD,20,26,02,02,17,12,02,   24.25,   23.27, 1026.65,  -113.1,   42.23
SD,20,26,02,02,17,22,02,   24.25,   23.34, 1026.82,  -114.4,   42.15
SD,20,26,02,02,17,32,02,   24.25,   23.39, 1026.83,  -114.6,   41.98
SD,20,26,02,02,17,42,41,   24.25,inf,inf,inf,inf
SD,20,26,02,02,17,52,41,   24.25,inf,inf,inf,inf
SD,20,26,02,02,18,02,41,   24.25,inf,inf,inf,inf
SD,20,26,02,02,18,12,41,   24.50,inf,inf,inf,inf
SD,20,26,02,02,18,22,41,   24.50,inf,inf,inf,inf
SD,20,26,02,02,18,32,41,   24.50,inf,inf,inf,inf
SD,20,26,02,02,18,42,41,   24.25,inf,inf,inf,inf
SD,20,26,02,02,18,52,41,   24.00,inf,inf,inf,inf
SD,20,26,02,02,19,02,41,   24.00,inf,inf,inf,inf
SD,20,26,02,02,19,12,41,   23.75,inf,inf,inf,inf
SD,20,26,02,02,19,26,07,   23.75,FFFFFFFF,FFFFFFFF,FFFFFFFF,FFFFFFFF

SD,20,26,02,02,19,36,07,   23.75,FFFFFFFF,FFFFFFFF,FFFFFFFF,FFFFFFFF

SD,20,26,02,02,19,48,23,   24.00,FFFFFFFF,FFFFFFFF,FFFFFFFF,FFFFFFFF

SD,20,26,02,02,19,58,23,   24.00,FFFFFFFF,FFFFFFFF,FFFFFFFF,FFFFFFFF

SD,20,26,02,02,20,08,23,   23.75,FFFFFFFF,FFFFFFFF,FFFFFFFF,FFFFFFFF

SD,20,26,02,02,20,18,23,   23.75,FFFFFFFF,FFFFFFFF,FFFFFFFF,FFFFFFFF

SD,20,26,02,02,20,28,23,   23.75,FFFFFFFF,FFFFFFFF,FFFFFFFF,FFFFFFFF

SD,20,26,02,02,20,40,38,   23.75,   23.08, 1028.09,  -124.9,   42.75
SD,20,26,02,02,20,50,38,   23.75,   23.16, 1028.27,  -126.4,   42.79
SD,20,26,02,02,21,00,38,   24.00,   23.22, 1028.44,  -127.8,   42.66
SD,20,26,02,02,21,10,38,   24.00,   23.25, 1028.55,  -128.7,   42.73
SD,20,26,02,02,21,29,32,   24.00,   23.22, 1028.90,  -131.6,   43.10
SD,20,26,02,02,21,39,32,   24.00,   23.25, 1029.12,  -133.4,   42.72
SD,20,26,02,02,21,49,32,   24.25,   23.27, 1029.11,  -133.3,   42.73
SD,20,26,02,02,21,59,32,   24.00,   23.32, 1029.22,  -134.2,   42.51
SD,20,26,02,02,22,09,32,   24.25,   23.37, 1029.08,  -133.0,   42.42
SD,20,26,02,02,22,24,36,   24.25,   23.30, 1029.12,  -133.4,   42.29
SD,20,26,02,02,22,34,36,   24.00,   23.23, 1029.11,  -133.3,   42.49
SD,20,26,02,02,22,44,36,   24.00,   23.21, 1029.11,  -133.3,   42.38
SD,20,26,02,02,22,54,36,   24.25,   23.19, 1029.15,  -133.6,   42.30
SD,20,26,02,02,23,04,36,   24.00,   23.17, 1029.13,  -133.5,   42.27
SD,20,26,02,02,23,14,36,   24.00,   23.12, 1029.15,  -133.6,   42.32
SD,20,26,02,02,23,24,36,   23.75,   23.13, 1029.30,  -134.9,   42.24
SD,20,26,02,02,23,43,04,   23.50,   22.88, 1029.25,  -134.5,   42.15
SD,20,26,02,02,23,53,04,   23.50,   22.83, 1029.29,  -134.8,   42.13
SD,20,26,02,03,00,05,06,   23.25,   22.65, 1029.54,  -136.8,   42.16
SD,20,26,02,03,00,15,06,   23.00,   22.58, 1029.71,  -138.2,   42.07
SD,20,26,02,03,00,25,06,   23.00,   22.45, 1029.87,  -139.4,   42.22
SD,20,26,02,03,00,35,06,   23.25,   22.61, 1029.99,  -140.6,   41.93
SD,20,26,02,03,00,45,06,   23.25,   22.60, 1030.06,  -141.1,   41.91
SD,20,26,02,03,00,55,06,   23.25,   22.54, 1030.06,  -141.1,   41.90
SD,20,26,02,03,01,05,06,   23.25,   22.49, 1030.23,  -142.5,   41.96
SD,20,26,02,03,01,15,06,   23.00,   22.42, 1030.34,  -143.4,   42.07
SD,20,26,02,03,01,25,06,   23.00,   22.38, 1030.60,  -145.5,   42.10
SD,20,26,02,03,01,35,06,   23.00,   22.32, 1030.54,  -145.1,   42.13
SD,20,26,02,03,01,45,06,   23.00,   22.29, 1030.37,  -143.6,   42.16
SD,20,26,02,03,01,55,06,   23.00,   22.24, 1030.32,  -143.2,   42.21
SD,20,26,02,03,02,05,06,   23.00,   22.20, 1030.32,  -143.3,   42.21
SD,20,26,02,03,02,15,06,   22.75,   22.15, 1030.47,  -144.5,   42.24
SD,20,26,02,03,02,25,06,   22.75,   22.13, 1030.36,  -143.6,   42.24
SD,20,26,02,03,02,35,06,   22.75,   22.10, 1030.33,  -143.4,   42.25
SD,20,26,02,03,02,45,06,   22.75,   22.07, 1030.31,  -143.1,   42.23
SD,20,26,02,03,02,55,06,   22.75,   22.04, 1030.36,  -143.6,   42.24
SD,20,26,02,03,03,05,06,   22.75,   22.02, 1030.33,  -143.4,   42.24
SD,20,26,02,03,03,15,06,   22.75,   21.98, 1030.33,  -143.3,   42.27
SD,20,26,02,03,03,25,06,   22.75,   21.95, 1030.30,  -143.1,   42.26
SD,20,26,02,03,03,35,06,   22.75,   21.95, 1030.23,  -142.5,   42.25
SD,20,26,02,03,03,45,06,   22.50,   21.92, 1030.31,  -143.2,   42.28
SD,20,26,02,03,03,55,06,   22.50,   21.93, 1030.43,  -144.2,   42.23
SD,20,26,02,03,04,05,06,   22.50,   21.92, 1030.41,  -144.0,   42.22
SD,20,26,02,03,04,15,06,   22.50,   21.90, 1030.32,  -143.3,   42.23
SD,20,26,02,03,04,25,06,   22.50,   21.87, 1030.28,  -142.9,   42.25
SD,20,26,02,03,04,35,06,   22.50,   21.87, 1030.16,  -141.9,   42.21
SD,20,26,02,03,04,45,06,   22.50,   21.84, 1029.99,  -140.5,   42.21
SD,20,26,02,03,04,55,06,   22.50,   21.82, 1029.96,  -140.3,   42.23
SD,20,26,02,03,05,05,06,   22.50,   21.80, 1029.87,  -139.6,   42.19
SD,20,26,02,03,05,15,06,   22.50,   21.80, 1029.97,  -140.4,   42.20
SD,20,26,02,03,05,25,06,   22.50,   21.77, 1030.15,  -141.9,   42.18
SD,20,26,02,03,05,35,06,   22.25,   21.76, 1030.04,  -140.9,   42.17
SD,20,26,02,03,05,45,06,   22.50,   21.73, 1029.98,  -140.4,   42.16
SD,20,26,02,03,05,55,06,   22.50,   21.72, 1029.89,  -139.7,   42.14
SD,20,26,02,03,06,05,06,   22.25,   21.70, 1029.67,  -137.9,   42.16
SD,20,26,02,03,06,15,06,   22.25,   21.68, 1029.49,  -136.5,   42.17
SD,20,26,02,03,06,25,06,   22.25,   21.66, 1029.73,  -138.4,   42.15
SD,20,26,02,03,06,35,06,   22.25,   21.66, 1029.79,  -138.9,   42.18
SD,20,26,02,03,06,45,06,   22.25,   21.64, 1029.82,  -139.1,   42.17
SD,20,26,02,03,06,55,06,   22.25,   21.63, 1029.93,  -140.0,   42.15
SD,20,26,02,03,07,05,06,   22.25,   21.61, 1029.85,  -139.4,   42.14
SD,20,26,02,03,07,15,06,   22.25,   21.58, 1029.78,  -138.8,   42.14
SD,20,26,02,03,07,25,06,   22.25,   21.57, 1029.59,  -137.2,   42.15
SD,20,26,02,03,07,35,06,   22.25,   21.54, 1029.62,  -137.5,   42.11
SD,20,26,02,03,07,45,06,   22.25,   21.55, 1029.77,  -138.7,   42.08
SD,20,26,02,03,07,55,06,   22.25,   21.52, 1029.74,  -138.5,   42.10
SD,20,26,02,03,08,05,06,   22.25,   21.50, 1029.90,  -139.8,   42.12
SD,20,26,02,03,08,15,06,   22.25,   21.51, 1029.71,  -138.2,   42.06
SD,20,26,02,03,08,25,06,   22.00,   21.49, 1029.62,  -137.5,   42.08
SD,20,26,02,03,08,35,06,   22.00,   21.47, 1029.39,  -135.6,   42.07
SD,20,26,02,03,08,45,06,   22.00,   21.48, 1029.52,  -136.6,   42.05
SD,20,26,02,03,08,55,06,   22.25,   21.51, 1029.68,  -138.0,   41.96
SD,20,26,02,03,09,05,06,   22.25,   21.53, 1029.60,  -137.3,   41.96
SD,20,26,02,03,09,15,06,   22.25,   21.56, 1029.69,  -138.1,   41.97
SD,20,26,02,03,09,25,06,   22.25,   21.58, 1029.49,  -136.4,   41.96
SD,20,26,02,03,09,35,06,   22.25,   21.62, 1029.48,  -136.3,   41.97
SD,20,26,02,03,09,45,06,   22.25,   21.61, 1029.33,  -135.1,   42.40
SD,20,26,02,03,09,55,06,   22.75,   21.87, 1029.45,  -136.1,   42.54
SD,20,26,02,03,10,13,55,   23.00,   22.23, 1029.63,  -137.5,   42.58
SD,20,26,02,03,10,23,55,   23.25,   22.42, 1029.69,  -138.1,   42.21
SD,20,26,02,03,10,33,55,   23.25,   22.54, 1029.57,  -137.1,   42.65
SD,20,26,02,03,10,43,55,   23.25,   22.61, 1029.70,  -138.1,   43.19
SD,20,26,02,03,10,53,55,   23.00,   22.53, 1029.80,  -139.0,   42.65
SD,20,26,02,03,11,03,55,   23.00,   22.49, 1029.85,  -139.4,   42.31
SD,20,26,02,03,11,13,55,   23.00,   22.39, 1029.81,  -139.0,   42.75
SD,20,26,02,03,11,26,59,   23.00,   22.41, 1030.02,  -140.8,   43.12
SD,20,26,02,03,11,36,59,   23.00,   22.39, 1030.08,  -141.3,   42.86
SD,20,26,02,03,11,46,59,   23.00,   22.35, 1030.08,  -141.3,   42.72
SD,20,26,02,03,11,56,59,   23.00,   22.31, 1030.04,  -141.0,   42.63
SD,20,26,02,03,12,06,59,   23.00,   22.27, 1029.95,  -140.2,   42.63
SD,20,26,02,03,12,16,59,   22.75,   22.23, 1029.83,  -139.2,   42.62
SD,20,26,02,03,12,26,59,   22.75,   22.21, 1030.24,  -142.6,   42.62
SD,20,26,02,03,12,36,59,   22.75,   22.16, 1029.76,  -138.6,   42.60
SD,20,26,02,03,12,46,59,   22.75,   22.14, 1029.74,  -138.5,   42.61
SD,20,26,02,03,12,56,59,   22.75,   22.14, 1029.59,  -137.3,   42.55
SD,20,26,02,03,13,06,59,   22.75,   22.13, 1029.67,  -137.9,   42.54
SD,20,26,02,03,13,16,59,   22.75,   22.11, 1029.50,  -136.5,   42.54
SD,20,26,02,03,13,26,59,   22.75,   22.08, 1029.21,  -134.1,   42.54
SD,20,26,02,03,13,36,59,   22.75,   22.07, 1029.34,  -135.2,   42.55
SD,20,26,02,03,13,46,59,   22.50,   22.06, 1029.17,  -133.8,   42.52
SD,20,26,02,03,13,56,59,   22.75,   22.05, 1028.85,  -131.2,   42.50
SD,20,26,02,03,14,06,59,   22.75,   22.05, 1028.81,  -130.8,   42.48
SD,20,26,02,03,14,16,59,   22.75,   22.05, 1028.91,  -131.7,   42.48
SD,20,26,02,03,14,26,59,   22.75,   22.03, 1029.05,  -132.8,   42.50
SD,20,26,02,03,14,36,59,   22.75,   22.02, 1028.95,  -132.0,   42.46
SD,20,26,02,03,14,46,59,   22.50,   22.02, 1028.75,  -130.4,   42.44
SD,20,26,02,03,14,56,59,   22.75,   22.01, 1028.98,  -132.3,   42.46
SD,20,26,02,03,15,06,59,   22.75,   22.01, 1029.06,  -132.9,   42.46
SD,20,26,02,03,15,16,59,   22.75,   21.99, 1029.00,  -132.4,   42.46
SD,20,26,02,03,15,26,59,   22.75,   21.97, 1028.98,  -132.2,   43.10
SD,20,26,02,03,15,36,59,   23.00,   22.18, 1029.00,  -132.4,   43.00
SD,20,26,02,03,15,46,59,   23.00,   22.25, 1029.15,  -133.6,   42.86
SD,20,26,02,03,15,56,59,   23.25,   22.37, 1029.19,  -134.0,   42.76
SD,20,26,02,03,16,12,57,   23.25,   22.54, 1028.97,  -132.2,   42.74
SD,20,26,02,03,16,22,57,   23.50,   22.63, 1029.13,  -133.5,   42.76
SD,20,26,02,03,16,32,57,   23.50,   22.66, 1029.15,  -133.6,   42.79
SD,20,26,02,03,16,42,57,   23.50,   22.84, 1028.98,  -132.3,   42.50
SD,20,26,02,03,16,52,57,   23.00,   22.60, 1028.71,  -130.0,   40.33
SD,20,26,02,03,17,02,57,   22.75,   22.39, 1028.75,  -130.3,   41.35
SD,20,26,02,03,17,12,57,   22.75,   22.33, 1028.74,  -130.3,   41.77
SD,20,26,02,03,17,22,57,   22.75,   22.32, 1028.96,  -132.1,   41.80
SD,20,26,02,03,17,32,57,   22.75,   22.31, 1028.97,  -132.1,   42.77
SD,20,26,02,03,17,42,57,   23.00,   22.37, 1028.96,  -132.1,   41.83
SD,20,26,02,03,17,52,57,   23.00,   22.44, 1028.95,  -132.0,   42.20
SD,20,26,02,03,18,02,57,   23.00,   22.44, 1028.81,  -130.8,   42.40
SD,20,26,02,03,18,12,57,   23.00,   22.54, 1028.86,  -131.2,   42.10
SD,20,26,02,03,18,22,57,   23.00,   22.49, 1028.96,  -132.0,   43.05
SD,20,26,02,03,18,32,57,   23.25,   22.60, 1029.00,  -132.4,   43.13
SD,20,26,02,03,18,42,57,   23.25,   22.61, 1028.87,  -131.3,   43.03
SD,20,26,02,03,18,52,57,   23.25,   22.67, 1028.88,  -131.4,   43.18
SD,20,26,02,03,19,02,57,   23.25,   22.69, 1028.67,  -129.7,   43.12
SD,20,26,02,03,19,12,57,   23.25,   22.68, 1028.70,  -129.9,   43.41
SD,20,26,02,03,19,22,57,   23.25,   22.65, 1028.61,  -129.2,   43.66
SD,20,26,02,03,19,32,57,   23.00,   22.49, 1028.79,  -130.7,   42.05
SD,20,26,02,03,19,42,57,   23.00,   22.47, 1028.81,  -130.9,   42.39
SD,20,26,02,03,19,52,57,   23.00,   22.45, 1028.77,  -130.5,   43.12
SD,20,26,02,03,20,02,57,   23.00,   22.38, 1028.45,  -127.9,   43.46
SD,20,26,02,03,20,12,57,   23.00,   22.41, 1028.37,  -127.2,   44.05
SD,20,26,02,03,20,22,57,   23.00,   22.50, 1028.13,  -125.3,   44.26
SD,20,26,02,03,20,32,57,   23.25,   22.54, 1027.81,  -122.6,   44.46
SD,20,26,02,03,20,42,57,   23.25,   22.59, 1027.65,  -121.3,   44.58
SD,20,26,02,03,20,52,57,   23.25,   22.75, 1027.81,  -122.6,   44.13
SD,20,26,02,03,21,02,57,   23.25,   22.71, 1027.58,  -120.7,   44.19
SD,20,26,02,03,21,12,57,   23.25,   22.76, 1027.64,  -121.2,   43.70
SD,20,26,02,03,21,22,57,   23.25,   22.81, 1027.82,  -122.7,   43.97
SD,20,26,02,03,21,32,57,   23.50,   22.89, 1027.75,  -122.2,   43.81
SD,20,26,02,03,21,42,57,   23.50,   23.00, 1027.68,  -121.5,   43.68
SD,20,26,02,03,21,52,57,   23.50,   23.04, 1027.49,  -120.0,   43.73
SD,20,26,02,03,22,02,57,   23.50,   23.10, 1027.67,  -121.5,   43.67
SD,20,26,02,03,22,12,57,   23.75,   23.21, 1028.15,  -125.4,   43.58
SD,20,26,02,03,22,22,57,   24.00,   23.27, 1028.15,  -125.4,   43.83
SD,20,26,02,03,22,32,57,   23.75,   23.16, 1028.20,  -125.8,   42.99
SD,20,26,02,03,22,42,57,   23.75,   23.13, 1028.22,  -125.9,   42.71
SD,20,26,02,03,22,52,57,   23.75,   23.04, 1028.37,  -127.2,   42.59
SD,20,26,02,03,23,02,57,   23.50,   22.93, 1028.27,  -126.4,   42.80
SD,20,26,02,03,23,12,57,   23.50,   22.87, 1028.33,  -126.9,   42.70
SD,20,26,02,03,23,22,57,   23.50,   22.77, 1028.52,  -128.4,   42.71
SD,20,26,02,03,23,32,57,   23.50,   22.69, 1028.48,  -128.2,   42.80
SD,20,26,02,03,23,42,57,   23.25,   22.65, 1028.60,  -129.1,   42.78
SD,20,26,02,03,23,52,57,   23.50,   22.60, 1028.72,  -130.0,   42.96
SD,20,26,02,04,00,02,57,   23.25,   22.56, 1028.62,  -129.3,   42.85
SD,20,26,02,04,00,12,57,   23.25,   22.50, 1028.56,  -128.8,   43.03
SD,20,26,02,04,00,22,57,   23.25,   22.46, 1028.30,  -126.6,   42.88
SD,20,26,02,04,00,32,57,   23.25,   22.41, 1028.10,  -125.0,   42.83
SD,20,26,02,04,00,42,57,   23.00,   22.39, 1027.95,  -123.7,   42.79
SD,20,26,02,04,00,52,57,   23.00,   22.33, 1027.84,  -122.9,   42.89
SD,20,26,02,04,01,02,57,   23.00,   22.31, 1027.90,  -123.4,   42.87
SD,20,26,02,04,01,12,57,   23.00,   22.28, 1027.64,  -121.2,   42.91
SD,20,26,02,04,01,22,57,   23.00,   22.27, 1027.50,  -120.1,   42.91
SD,20,26,02,04,01,32,57,   23.00,   22.23, 1027.77,  -122.3,   42.91
SD,20,26,02,04,01,42,57,   23.00,   22.19, 1028.30,  -126.6,   42.93
SD,20,26,02,04,01,52,57,   23.00,   22.18, 1028.55,  -128.7,   42.89
SD,20,26,02,04,02,02,57,   23.00,   22.17, 1028.33,  -126.9,   42.90
SD,20,26,02,04,02,12,57,   22.75,   22.14, 1028.20,  -125.8,   42.83
SD,20,26,02,04,02,22,57,   23.00,   22.12, 1028.20,  -125.6,   42.89
SD,20,26,02,04,02,32,57,   22.75,   22.09, 1028.32,  -126.8,   42.90
SD,20,26,02,04,02,42,57,   22.75,   22.08, 1028.26,  -126.3,   42.87
SD,20,26,02,04,02,52,57,   22.75,   22.07, 1028.32,  -126.8,   42.84
SD,20,26,02,04,03,02,57,   22.75,   22.02, 1028.32,  -126.8,   42.86
SD,20,26,02,04,03,12,57,   22.75,   22.00, 1028.22,  -126.0,   42.81
SD,20,26,02,04,03,22,57,   22.75,   21.98, 1028.11,  -125.1,   42.80
SD,20,26,02,04,03,32,57,   22.75,   21.98, 1027.89,  -123.3,   42.77
SD,20,26,02,04,03,42,57,   22.75,   21.94, 1027.85,  -122.9,   42.78
SD,20,26,02,04,03,52,57,   22.75,   21.92, 1027.81,  -122.6,   42.76
SD,20,26,02,04,04,02,57,   22.75,   21.90, 1027.78,  -122.4,   42.75
SD,20,26,02,04,04,12,57,   22.75,   21.88, 1027.83,  -122.8,   42.72
SD,20,26,02,04,04,22,57,   22.50,   21.85, 1027.99,  -124.1,   42.76
SD,20,26,02,04,04,32,57,   22.75,   21.83, 1027.79,  -122.5,   42.73
SD,20,26,02,04,04,42,57,   22.50,   21.81, 1027.92,  -123.5,   42.67
SD,20,26,02,04,04,52,57,   22.50,   21.80, 1027.85,  -123.0,   42.70
SD,20,26,02,04,05,02,57,   22.50,   21.77, 1027.95,  -123.7,   42.71
SD,20,26,02,04,05,12,57,   22.50,   21.74, 1028.02,  -124.3,   42.67
SD,20,26,02,04,05,22,57,   22.50,   21.71, 1027.90,  -123.3,   42.73
SD,20,26,02,04,05,32,57,   22.50,   21.70, 1027.99,  -124.1,   42.68
SD,20,26,02,04,05,42,57,   22.50,   21.67, 1028.02,  -124.4,   42.67
SD,20,26,02,04,05,52,57,   22.50,   21.67, 1028.05,  -124.6,   42.63
SD,20,26,02,04,06,02,57,   22.50,   21.64, 1027.84,  -122.8,   42.67
SD,20,26,02,04,06,12,57,   22.25,   21.63, 1027.66,  -121.4,   42.61
SD,20,26,02,04,06,22,57,   22.50,   21.59, 1027.58,  -120.7,   42.62
SD,20,26,02,04,06,32,57,   22.25,   21.60, 1027.36,  -118.9,   42.56
SD,20,26,02,04,06,42,57,   22.25,   21.56, 1027.44,  -119.6,   42.56
SD,20,26,02,04,06,52,57,   22.25,   21.52, 1027.57,  -120.7,   42.56
SD,20,26,02,04,07,02,57,   22.25,   21.50, 1027.57,  -120.6,   42.60
SD,20,26,02,04,07,12,57,   22.25,   21.49, 1027.80,  -122.6,   42.51
SD,20,26,02,04,07,22,57,   22.25,   21.48, 1027.90,  -123.4,   42.47
SD,20,26,02,04,07,32,57,   22.25,   21.46, 1027.92,  -123.5,   42.49
SD,20,26,02,04,07,42,57,   22.25,   21.45, 1027.78,  -122.4,   42.44
SD,20,26,02,04,07,52,57,   22.25,   21.44, 1027.68,  -121.5,   42.40
SD,20,26,02,04,08,02,57,   22.00,   21.41, 1027.47,  -119.8,   42.39
SD,20,26,02,04,08,12,57,   22.00,   21.40, 1027.35,  -118.9,   42.39
SD,20,26,02,04,08,22,57,   22.00,   21.38, 1027.50,  -120.0,   42.41
SD,20,26,02,04,08,32,57,   22.00,   21.36, 1027.69,  -121.6,   42.40
SD,20,26,02,04,08,42,57,   22.00,   21.40, 1027.64,  -121.2,   42.22
SD,20,26,02,04,08,52,57,   22.25,   21.44, 1027.64,  -121.3,   42.28
SD,20,26,02,04,09,02,57,   22.25,   21.45, 1028.01,  -124.2,   42.34
SD,20,26,02,04,09,12,57,   22.25,   21.48, 1028.08,  -124.8,   42.36
SD,20,26,02,04,09,22,57,   22.25,   21.52, 1028.17,  -125.5,   42.69
SD,20,26,02,04,09,32,57,   22.50,   21.66, 1027.96,  -123.8,   43.56
SD,20,26,02,04,09,42,57,   22.50,   21.71, 1027.83,  -122.8,   43.15
SD,20,26,02,04,09,52,57,   22.75,   21.84, 1028.16,  -125.4,   43.41
SD,20,26,02,04,10,02,57,   22.75,   21.91, 1028.30,  -126.6,   43.34
SD,20,26,02,04,10,12,57,   22.75,   21.93, 1028.37,  -127.2,   43.30
SD,20,26,02,04,10,22,57,   22.75,   22.06, 1028.29,  -126.6,   43.17
SD,20,26,02,04,10,32,57,   23.00,   22.06, 1028.25,  -126.2,   42.97
SD,20,26,02,04,10,42,57,   23.00,   22.19, 1028.21,  -125.9,   43.13
SD,20,26,02,04,10,52,57,   23.25,   22.30, 1028.34,  -127.0,   43.10
SD,20,26,02,04,11,02,57,   23.25,   22.44, 1028.36,  -127.2,   43.07
SD,20,26,02,04,11,12,57,   23.50,   22.50, 1028.39,  -127.4,   43.03
SD,20,26,02,04,11,22,57,   23.50,   22.60, 1028.18,  -125.7,   43.21
SD,20,26,02,04,11,32,57,   23.50,   22.66, 1027.97,  -124.0,   43.34
SD,20,26,02,04,11,42,57,   23.25,   22.68, 1028.09,  -124.9,   43.39
SD,20,26,02,04,11,52,57,   23.25,   22.35, 1028.05,  -124.6,   43.54
SD,20,26,02,04,12,02,57,   22.75,   22.24, 1028.17,  -125.5,   43.56
SD,20,26,02,04,12,12,57,   22.75,   22.27, 1027.90,  -123.3,   43.52
SD,20,26,02,04,12,22,57,   23.00,   22.39, 1027.79,  -122.5,   43.02
SD,20,26,02,04,12,32,57,   22.75,   22.16, 1027.56,  -120.5,   43.45
SD,20,26,02,04,12,42,57,   22.75,   22.07, 1027.51,  -120.1,   43.62
SD,20,26,02,04,12,52,57,   22.50,   21.85, 1027.55,  -120.4,   44.11
SD,20,26,02,04,13,02,57,   22.50,   21.81, 1027.41,  -119.3,   44.15
SD,20,26,02,04,13,12,57,   22.75,   21.91, 1027.47,  -119.8,   45.91
SD,20,26,02,04,13,22,57,   22.75,   22.02, 1027.54,  -120.4,   49.10
SD,20,26,02,04,13,32,57,   22.75,   21.92, 1027.38,  -119.1,   48.01
SD,20,26,02,04,13,42,57,   22.75,   21.99, 1027.11,  -116.8,   48.71
SD,20,26,02,04,13,52,57,   23.00,   22.07, 1026.95,  -115.5,   49.32
SD,20,26,02,04,14,02,57,   22.75,   22.02, 1026.75,  -113.9,   49.46
SD,20,26,02,04,14,12,57,   22.75,   22.03, 1026.93,  -115.4,   49.22
SD,20,26,02,04,14,22,57,   22.75,   21.98, 1026.98,  -115.9,   48.87
SD,20,26,02,04,14,32,57,   22.75,   21.99, 1026.87,  -114.9,   48.39
SD,20,26,02,04,14,42,57,   22.75,   21.95, 1026.96,  -115.7,   48.02
SD,20,26,02,04,14,52,57,   22.75,   22.08, 1026.93,  -115.3,   47.26
SD,20,26,02,04,15,02,57,   23.00,   22.13, 1026.58,  -112.4,   46.67
SD,20,26,02,04,15,12,57,   23.00,   22.14, 1026.63,  -112.9,   46.22
SD,20,26,02,04,15,22,57,   23.00,   22.13, 1026.57,  -112.4,   46.03
SD,20,26,02,04,15,32,57,   23.00,   22.11, 1026.38,  -110.7,   45.78
SD,20,26,02,04,15,42,57,   23.00,   22.11, 1026.44,  -111.4,   45.63
SD,20,26,02,04,15,52,57,   23.00,   22.11, 1026.51,  -112.0,   45.39
SD,20,26,02,04,16,02,57,   23.00,   22.12, 1026.57,  -112.4,   45.29
SD,20,26,02,04,16,12,57,   23.00,   22.13, 1026.64,  -112.9,   45.10
SD,20,26,02,04,16,22,57,   23.00,   22.11, 1026.54,  -112.2,   45.08
SD,20,26,02,04,16,32,57,   23.00,   22.10, 1026.48,  -111.6,   45.00
SD,20,26,02,04,16,42,57,   22.50,   21.93, 1026.62,  -112.8,   44.66
SD,20,26,02,04,16,52,57,   22.50,   21.81, 1026.59,  -112.6,   45.20
SD,20,26,02,04,17,02,57,   22.50,   21.78, 1026.66,  -113.1,   46.19
SD,20,26,02,04,17,12,57,   22.75,   21.84, 1026.70,  -113.5,   46.36
SD,20,26,02,04,17,22,57,   22.75,   21.98, 1026.63,  -112.9,   46.15
SD,20,26,02,04,17,32,57,   22.75,   22.01, 1026.70,  -113.4,   46.19
SD,20,26,02,04,17,42,57,   22.75,   22.10, 1026.58,  -112.4,   46.05
SD,20,26,02,04,17,52,57,   22.75,   21.98, 1026.42,  -111.2,   45.88
SD,20,26,02,04,18,02,57,   22.75,   22.00, 1026.46,  -111.5,   46.19
SD,20,26,02,04,18,12,57,   22.75,   22.04, 1026.44,  -111.3,   46.24
SD,20,26,02,04,18,22,57,   22.75,   22.08, 1026.31,  -110.2,   46.16
SD,20,26,02,04,18,32,57,   22.75,   22.11, 1026.26,  -109.8,   45.94
SD,20,26,02,04,18,42,57,   22.75,   22.13, 1026.34,  -110.5,   45.92
SD,20,26,02,04,18,52,57,   22.75,   22.16, 1026.36,  -110.7,   45.97
SD,20,26,02,04,19,02,57,   22.75,   22.27, 1026.38,  -110.8,   45.48
SD,20,26,02,04,19,12,57,   22.75,   22.26, 1026.63,  -112.9,   45.58
SD,20,26,02,04,19,22,57,   23.00,   22.51, 1026.61,  -112.8,   44.29
SD,20,26,02,04,19,32,57,   23.00,   22.47, 1026.49,  -111.7,   44.10
SD,20,26,02,04,19,42,57,   23.00,   22.30, 1026.34,  -110.5,   45.10
SD,20,26,02,04,19,52,57,   23.00,   22.39, 1026.37,  -110.7,   45.74
SD,20,26,02,04,20,02,57,   23.00,   22.50, 1026.42,  -111.2,   45.29
SD,20,26,02,04,20,12,57,   23.25,   22.56, 1026.34,  -110.5,   45.32
SD,20,26,02,04,20,22,57,   23.25,   22.60, 1026.43,  -111.3,   45.11
SD,20,26,02,04,20,32,57,   23.25,   22.61, 1026.40,  -111.0,   44.72
SD,20,26,02,04,20,42,57,   23.25,   22.66, 1026.33,  -110.4,   45.07
SD,20,26,02,04,20,52,57,   23.50,   22.76, 1026.30,  -110.2,   44.73
SD,20,26,02,04,21,02,57,   23.75,   22.85, 1026.38,  -110.8,   44.72
SD,20,26,02,04,21,12,57,   23.75,   22.96, 1026.50,  -111.9,   44.56
SD,20,26,02,04,21,31,22,   24.00,   23.08, 1026.36,  -110.7,   44.18
SD,20,26,02,04,21,41,22,   24.00,   23.13, 1026.60,  -112.7,   44.16
SD,20,26,02,04,21,51,22,   24.00,   23.11, 1026.63,  -112.9,   43.99
SD,20,26,02,04,22,01,22,   23.75,   23.05, 1026.61,  -112.7,   44.29
SD,20,26,02,04,22,11,22,   23.75,   23.10, 1026.71,  -113.6,   44.22
SD,20,26,02,04,22,21,22,   23.75,   23.13, 1026.65,  -113.1,   44.14
SD,20,26,02,04,22,31,22,   24.00,   23.18, 1026.72,  -113.6,   44.02
SD,20,26,02,04,22,41,22,   24.00,   23.19, 1026.57,  -112.4,   43.96
SD,20,26,02,04,22,51,22,   24.00,   23.18, 1026.63,  -112.9,   43.96
SD,20,26,02,04,23,01,22,   24.00,   23.12, 1026.49,  -111.8,   44.00
SD,20,26,02,04,23,11,22,   24.00,   23.08, 1026.52,  -112.0,   43.94
SD,20,26,02,04,23,21,22,   23.50,   22.93, 1026.60,  -112.6,   43.79
SD,20,26,02,04,23,31,22,   23.50,   22.83, 1026.73,  -113.7,   43.80
SD,20,26,02,04,23,41,22,   23.50,   22.71, 1026.57,  -112.4,   43.86
SD,20,26,02,04,23,51,22,   23.25,   22.63, 1026.59,  -112.6,   43.88
SD,20,26,02,05,00,01,22,   23.25,   22.53, 1026.45,  -111.4,   43.88
SD,20,26,02,05,00,11,22,   23.25,   22.49, 1026.33,  -110.4,   43.81
SD,20,26,02,05,00,21,22,   23.25,   22.44, 1026.23,  -109.6,   43.83
SD,20,26,02,05,00,31,22,   23.00,   22.37, 1026.25,  -109.8,   43.91
SD,20,26,02,05,00,41,22,   23.00,   22.32, 1026.27,  -109.9,   43.83
SD,20,26,02,05,00,51,22,   23.00,   22.26, 1026.21,  -109.4,   43.84
SD,20,26,02,05,01,01,22,   23.00,   22.23, 1026.16,  -109.0,   43.83
SD,20,26,02,05,01,11,22,   23.00,   22.20, 1026.26,  -109.9,   43.68
SD,20,26,02,05,01,21,22,   22.75,   22.13, 1026.25,  -109.8,   43.71
SD,20,26,02,05,01,31,22,   22.75,   22.11, 1026.18,  -109.2,   43.67
SD,20,26,02,05,01,41,22,   22.75,   22.07, 1026.03,  -108.0,   43.67
SD,20,26,02,05,01,51,22,   22.75,   22.03, 1025.95,  -107.3,   43.69
SD,20,26,02,05,02,01,22,   22.75,   21.97, 1025.88,  -106.8,   43.64
SD,20,26,02,05,02,11,22,   22.75,   21.96, 1025.89,  -106.8,   43.60
SD,20,26,02,05,02,21,22,   22.75,   21.92, 1025.83,  -106.3,   43.58
SD,20,26,02,05,02,31,22,   22.75,   21.89, 1025.71,  -105.3,   43.54
SD,20,26,02,05,02,41,22,   22.50,   21.83, 1025.68,  -105.1,   43.61
SD,20,26,02,05,02,51,22,   22.75,   21.81, 1025.73,  -105.5,   43.50
SD,20,26,02,05,03,01,22,   22.50,   21.78, 1025.67,  -105.0,   43.47
SD,20,26,02,05,03,11,22,   22.50,   21.74, 1025.69,  -105.2,   43.48
SD,20,26,02,05,03,21,22,   22.50,   21.71, 1025.59,  -104.4,   43.44
SD,20,26,02,05,03,31,22,   22.25,   21.67, 1025.53,  -103.8,   43.45
SD,20,26,02,05,03,41,22,   22.25,   21.65, 1025.43,  -103.0,   43.39
SD,20,26,02,05,03,51,22,   22.25,   21.62, 1025.28,  -101.8,   43.35
SD,20,26,02,05,04,01,22,   22.25,   21.59, 1025.15,  -100.7,   43.35
SD,20,26,02,05,04,11,22,   22.25,   21.55, 1025.09,  -100.2,   43.30
SD,20,26,02,05,04,21,22,   22.25,   21.50, 1025.03,   -99.7,   43.32
SD,20,26,02,05,04,31,22,   22.25,   21.48, 1024.88,   -98.5,   43.26
SD,20,26,02,05,04,41,22,   22.25,   21.45, 1024.80,   -97.8,   43.25
SD,20,26,02,05,04,51,22,   22.00,   21.44, 1024.69,   -96.9,   43.22
SD,20,26,02,05,05,01,22,   22.00,   21.39, 1024.54,   -95.6,   43.18
SD,20,26,02,05,05,11,22,   22.00,   21.37, 1024.43,   -94.8,   43.19
SD,20,26,02,05,05,21,22,   22.00,   21.32, 1024.31,   -93.7,   43.22
SD,20,26,02,05,05,31,22,   22.00,   21.30, 1024.23,   -93.1,   43.15
SD,20,26,02,05,05,41,22,   22.00,   21.28, 1024.21,   -93.0,   43.11
SD,20,26,02,05,05,51,22,   22.00,   21.25, 1024.24,   -93.2,   43.07
SD,20,26,02,05,06,01,22,   22.00,   21.22, 1024.12,   -92.2,   43.09
SD,20,26,02,05,06,11,22,   22.00,   21.21, 1024.17,   -92.6,   43.04
SD,20,26,02,05,06,21,22,   22.00,   21.16, 1023.97,   -91.0,   43.03
SD,20,26,02,05,06,31,22,   21.75,   21.14, 1023.65,   -88.3,   42.95
SD,20,26,02,05,06,41,22,   21.75,   21.13, 1023.44,   -86.6,   42.95
SD,20,26,02,05,06,51,22,   21.75,   21.11, 1023.50,   -87.0,   42.95
SD,20,26,02,05,07,01,22,   21.75,   21.07, 1023.56,   -87.5,   42.95
SD,20,26,02,05,07,11,22,   21.75,   21.07, 1023.53,   -87.3,   42.89
SD,20,26,02,05,07,21,22,   21.75,   21.03, 1023.51,   -87.1,   42.91
SD,20,26,02,05,07,31,22,   21.75,   21.01, 1023.52,   -87.3,   42.84
SD,20,26,02,05,07,41,22,   21.75,   20.98, 1023.43,   -86.5,   42.85
SD,20,26,02,05,07,51,22,   21.75,   20.98, 1023.47,   -86.8,   42.83
SD,20,26,02,05,08,01,22,   21.75,   20.95, 1023.16,   -84.3,   42.77
SD,20,26,02,05,08,11,22,   21.75,   20.93, 1023.13,   -84.0,   42.74
SD,20,26,02,05,08,21,22,   21.75,   20.93, 1023.03,   -83.2,   42.71
SD,20,26,02,05,08,31,22,   21.75,   20.91, 1022.99,   -82.9,   42.63
SD,20,26,02,05,08,41,22,   21.75,   20.94, 1022.89,   -82.0,   42.51
SD,20,26,02,05,08,51,22,   21.75,   21.00, 1022.99,   -82.9,   42.49
SD,20,26,02,05,09,01,22,   22.00,   21.01, 1022.93,   -82.3,   43.13
SD,20,26,02,05,09,11,22,   22.25,   21.09, 1023.00,   -83.0,   43.42
SD,20,26,02,05,09,21,22,   22.25,   21.26, 1022.96,   -82.6,   43.31
SD,20,26,02,05,09,31,22,   22.25,   21.29, 1022.97,   -82.7,   43.49
SD,20,26,02,05,09,41,22,   22.50,   21.48, 1022.91,   -82.2,   43.26
SD,20,26,02,05,09,51,22,   22.50,   21.50, 1022.98,   -82.8,   43.38
SD,20,26,02,05,10,01,22,   22.75,   21.70, 1022.91,   -82.2,   43.08
SD,20,26,02,05,10,11,22,   22.75,   21.69, 1023.00,   -83.0,   43.26
SD,20,26,02,05,10,21,22,   22.75,   21.73, 1023.08,   -83.6,   43.29
SD,20,26,02,05,10,31,22,   22.75,   21.79, 1023.04,   -83.3,   43.20
SD,20,26,02,05,10,41,22,   23.00,   21.84, 1022.98,   -82.8,   43.16
SD,20,26,02,05,10,51,22,   23.00,   21.92, 1022.90,   -82.2,   43.09
SD,20,26,02,05,11,01,22,   23.00,   21.95, 1022.83,   -81.6,   43.10
SD,20,26,02,05,11,11,22,   23.00,   22.05, 1022.67,   -80.2,   42.94
SD,20,26,02,05,11,21,22,   23.00,   22.07, 1022.55,   -79.2,   42.94
SD,20,26,02,05,11,31,22,   23.00,   22.11, 1022.45,   -78.4,   43.00
SD,20,26,02,05,11,41,22,   23.00,   22.19, 1022.41,   -78.1,   42.93
SD,20,26,02,05,11,51,22,   23.00,   22.22, 1022.31,   -77.3,   42.62
SD,20,26,02,05,12,01,22,   22.75,   22.16, 1022.21,   -76.5,   42.42
SD,20,26,02,05,12,11,22,   22.75,   22.10, 1021.79,   -73.0,   42.32
SD,20,26,02,05,12,21,22,   22.75,   22.13, 1021.63,   -71.7,   42.10
SD,20,26,02,05,12,31,22,   22.75,   22.26, 1021.43,   -70.0,   41.90
SD,20,26,02,05,12,41,22,   22.75,   22.15, 1021.27,   -68.6,   42.02
SD,20,26,02,05,12,51,22,   22.50,   22.03, 1021.19,   -68.0,   42.27
SD,20,26,02,05,13,01,22,   22.75,   21.98, 1021.03,   -66.6,   42.38
SD,20,26,02,05,13,11,22,   22.50,   21.82, 1020.93,   -65.9,   42.65
SD,20,26,02,05,13,21,22,   22.50,   21.93, 1020.80,   -64.7,   42.65
SD,20,26,02,05,13,31,22,   22.50,   21.85, 1020.62,   -63.3,   42.76
SD,20,26,02,05,13,41,22,   22.50,   21.78, 1020.41,   -61.5,   42.90
SD,20,26,02,05,13,51,22,   22.50,   21.82, 1020.43,   -61.7,   42.91
SD,20,26,02,05,14,01,22,   22.50,   21.81, 1020.15,   -59.4,   42.85
SD,20,26,02,05,14,11,22,   22.50,   21.90, 1019.99,   -58.1,   42.78
SD,20,26,02,05,14,21,22,   22.50,   21.78, 1019.97,   -57.9,   42.91
SD,20,26,02,05,14,31,22,   22.50,   21.77, 1019.80,   -56.5,   42.95
SD,20,26,02,05,14,41,22,   22.50,   21.87, 1019.60,   -54.8,   42.86
SD,20,26,02,05,14,51,22,   22.50,   21.79, 1019.44,   -53.5,   42.95
SD,20,26,02,05,15,01,22,   22.25,   21.68, 1019.28,   -52.2,   43.01
SD,20,26,02,05,15,11,22,   22.00,   21.47, 1019.08,   -50.5,   41.96
SD,20,26,02,05,15,21,22,   21.50,   21.27, 1018.85,   -48.6,   42.43
SD,20,26,02,05,15,31,22,   21.25,   21.04, 1018.60,   -46.6,   41.83
SD,20,26,02,05,15,41,22,   21.25,   21.05, 1018.35,   -44.5,   43.91
SD,20,26,02,05,15,51,22,   21.25,   21.11, 1018.37,   -44.6,   43.02
SD,20,26,02,05,16,01,22,   21.25,   21.04, 1018.53,   -46.0,   43.68
SD,20,26,02,05,16,11,22,   21.50,   21.18, 1018.34,   -44.4,   42.01
SD,20,26,02,05,16,21,22,   21.50,   21.32, 1018.29,   -43.9,   41.89
SD,20,26,02,05,16,31,22,   21.25,   20.94, 1018.31,   -44.1,   43.02
SD,20,26,02,05,16,41,22,   21.50,   21.29, 1018.04,   -41.9,   43.50
SD,20,26,02,05,16,51,22,   22.00,   21.46, 1017.88,   -40.6,   42.37
SD,20,26,02,05,17,01,22,   22.00,   21.53, 1018.02,   -41.7,   43.12
SD,20,26,02,05,17,11,22,   22.25,   21.66, 1017.78,   -39.7,   43.26
SD,20,26,02,05,17,21,22,   22.25,   21.83, 1017.89,   -40.7,   43.41
SD,20,26,02,05,17,31,22,   22.50,   21.98, 1017.85,   -40.3,   43.58
SD,20,26,02,05,17,41,22,   22.50,   22.07, 1017.82,   -40.1,   42.66
SD,20,26,02,05,17,51,22,   22.50,   22.08, 1017.89,   -40.7,   42.88
SD,20,26,02,05,18,01,22,   22.50,   22.08, 1017.97,   -41.3,   43.07
SD,20,26,02,05,18,11,22,   22.50,   22.09, 1017.94,   -41.1,   44.10
SD,20,26,02,05,18,21,22,   22.75,   22.18, 1018.00,   -41.6,   44.20
SD,20,26,02,05,18,31,22,   22.75,   22.20, 1018.00,   -41.5,   43.77
SD,20,26,02,05,18,41,22,   22.75,   22.16, 1018.39,   -44.8,   44.01
SD,20,26,02,05,18,51,22,   22.75,   22.16, 1018.39,   -44.8,   44.18
SD,20,26,02,05,19,01,22,   23.00,   22.27, 1018.40,   -44.9,   44.10
SD,20,26,02,05,19,11,22,   23.00,   22.29, 1018.43,   -45.1,   43.69
SD,20,26,02,05,19,21,22,   23.00,   22.27, 1018.55,   -46.1,   43.49
SD,20,26,02,05,19,31,22,   23.00,   22.26, 1018.60,   -46.5,   43.72
SD,20,26,02,05,19,41,22,   22.75,   22.29, 1018.63,   -47.1,   43.95
SD,20,26,02,05,19,51,22,   23.00,   22.37, 1018.47,   -45.5,   44.19
SD,20,26,02,05,20,01,22,   23.25,   22.45, 1018.61,   -46.6,   44.43
SD,20,26,02,05,20,11,22,   23.25,   22.52, 1018.72,   -47.5,   44.16
SD,20,26,02,05,20,21,22,   23.25,   22.58, 1018.88,   -48.9,   43.73
SD,20,26,02,05,20,31,22,   23.50,   22.60, 1018.98,   -49.7,   43.60
SD,20,26,02,05,20,41,22,   23.25,   22.68, 1018.97,   -49.6,   43.47
SD,20,26,02,05,20,51,22,   23.50,   22.78, 1018.74,   -47.7,   43.24
SD,20,26,02,05,21,01,22,   23.50,   22.84, 1018.62,   -46.7,   43.09
SD,20,26,02,05,21,11,22,   23.75,   22.89, 1018.55,   -46.2,   43.11
SD,20,26,02,05,21,21,22,   23.75,   22.98, 1018.39,   -44.8,   42.86
SD,20,26,02,05,21,31,22,   23.75,   23.01, 1018.37,   -44.6,   42.88
SD,20,26,02,05,21,41,22,   23.50,   22.96, 1018.57,   -46.3,   43.04
SD,20,26,02,05,21,51,22,   23.75,   22.94, 1018.47,   -45.5,   43.04
SD,20,26,02,05,22,01,22,   23.50,   22.93, 1018.63,   -46.8,   43.12
SD,20,26,02,05,22,11,22,   23.50,   22.92, 1018.87,   -48.7,   43.19
SD,20,26,02,05,22,21,22,   23.25,   22.75, 1019.18,   -51.3,   42.40
SD,20,26,02,05,22,31,22,   23.00,   22.53, 1019.42,   -53.3,   43.16
SD,20,26,02,05,22,41,22,   23.00,   22.49, 1019.38,   -53.0,   43.22
SD,20,26,02,05,22,51,22,   23.00,   22.49, 1019.40,   -53.2,   43.12
SD,20,26,02,05,23,01,22,   23.00,   22.51, 1019.41,   -53.2,   43.11
SD,20,26,02,05,23,11,22,   23.00,   22.56, 1019.44,   -53.5,   42.93
SD,20,26,02,05,23,21,22,   23.00,   22.54, 1019.27,   -52.1,   42.85
SD,20,26,02,05,23,31,22,   23.00,   22.56, 1019.44,   -53.5,   42.82
SD,20,26,02,05,23,41,22,   23.00,   22.52, 1019.50,   -54.0,   42.82
SD,20,26,02,05,23,51,22,   23.00,   22.47, 1019.42,   -53.4,   42.31
SD,20,26,02,06,00,01,22,   23.00,   22.39, 1019.35,   -52.8,   42.32
SD,20,26,02,06,00,11,22,   23.00,   22.31, 1019.22,   -51.7,   42.35
SD,20,26,02,06,00,21,22,   23.00,   22.22, 1019.60,   -54.8,   42.52
SD,20,26,02,06,00,31,22,   22.75,   22.15, 1019.46,   -53.7,   42.58
SD,20,26,02,06,00,41,22,   22.75,   22.06, 1019.49,   -53.9,   42.55
SD,20,26,02,06,00,51,22,   22.75,   22.01, 1019.50,   -54.0,   42.60
SD,20,26,02,06,01,01,22,   22.75,   21.94, 1019.70,   -55.7,   42.64
SD,20,26,02,06,01,11,22,   22.50,   21.88, 1019.81,   -56.6,   42.64
SD,20,26,02,06,01,21,22,   22.50,   21.82, 1019.66,   -55.3,   42.63
SD,20,26,02,06,01,31,22,   22.50,   21.78, 1019.46,   -53.6,   42.62
SD,20,26,02,06,01,41,22,   22.50,   21.74, 1019.45,   -53.6,   42.64
SD,20,26,02,06,01,51,22,   22.50,   21.69, 1019.58,   -54.6,   42.65
SD,20,26,02,06,02,01,22,   22.25,   21.65, 1019.70,   -55.7,   42.62
SD,20,26,02,06,02,11,22,   22.25,   21.60, 1019.78,   -56.3,   42.62
SD,20,26,02,06,02,21,22,   22.25,   21.58, 1019.73,   -55.9,   42.54
SD,20,26,02,06,02,31,22,   22.25,   21.53, 1019.62,   -55.0,   42.55
SD,20,26,02,06,02,41,22,   22.25,   21.49, 1019.46,   -53.7,   42.58
SD,20,26,02,06,02,51,22,   22.25,   21.45, 1019.37,   -52.9,   42.62
SD,20,26,02,06,03,01,22,   22.00,   21.42, 1019.39,   -53.1,   42.58
SD,20,26,02,06,03,11,22,   22.00,   21.37, 1019.44,   -53.5,   42.63
SD,20,26,02,06,03,21,22,   22.00,   21.36, 1019.20,   -51.5,   42.57
SD,20,26,02,06,03,31,22,   22.00,   21.32, 1019.32,   -52.5,   42.53
SD,20,26,02,06,03,41,22,   22.00,   21.29, 1019.09,   -50.6,   42.54
SD,20,26,02,06,03,51,22,   21.75,   21.26, 1019.03,   -50.1,   42.53
SD,20,26,02,06,04,01,22,   22.00,   21.23, 1018.89,   -49.0,   42.54
SD,20,26,02,06,04,11,22,   22.00,   21.19, 1018.67,   -47.0,   42.48
SD,20,26,02,06,04,21,22,   22.00,   21.15, 1018.66,   -47.0,   42.48
SD,20,26,02,06,04,31,22,   21.75,   21.12, 1018.64,   -46.8,   42.47
SD,20,26,02,06,04,41,22,   21.75,   21.11, 1018.92,   -49.2,   42.49
SD,20,26,02,06,04,51,22,   21.75,   21.07, 1018.80,   -48.2,   42.43
SD,20,26,02,06,05,01,22,   21.75,   21.05, 1018.88,   -48.9,   42.40
SD,20,26,02,06,05,11,22,   21.75,   21.03, 1019.14,   -51.0,   42.37
SD,20,26,02,06,05,21,22,   21.75,   21.00, 1019.08,   -50.5,   42.45
SD,20,26,02,06,05,31,22,   21.75,   20.97, 1018.99,   -49.8,   42.24
SD,20,26,02,06,05,41,22,   21.75,   20.93, 1019.12,   -50.8,   42.31
SD,20,26,02,06,05,51,22,   21.75,   20.90, 1019.03,   -50.1,   42.30
SD,20,26,02,06,06,01,22,   21.50,   20.87, 1018.75,   -47.8,   42.27
SD,20,26,02,06,06,11,22,   21.50,   20.83, 1018.68,   -47.2,   42.32
SD,20,26,02,06,06,21,22,   21.50,   20.80, 1018.66,   -47.0,   42.27
SD,20,26,02,06,06,31,22,   21.50,   20.77, 1018.61,   -46.6,   42.20
SD,20,26,02,06,06,41,22,   21.50,   20.74, 1018.72,   -47.6,   42.23
SD,20,26,02,06,06,51,22,   21.50,   20.70, 1018.51,   -45.8,   42.19
SD,20,26,02,06,07,01,22,   21.25,   20.67, 1018.62,   -46.7,   42.15
SD,20,26,02,06,07,11,22,   21.25,   20.63, 1018.56,   -46.2,   42.17
SD,20,26,02,06,07,21,22,   21.25,   20.62, 1018.70,   -47.4,   42.12
SD,20,26,02,06,07,31,22,   21.25,   20.60, 1018.63,   -46.8,   42.06
SD,20,26,02,06,07,41,22,   21.25,   20.57, 1018.58,   -46.4,   42.04
SD,20,26,02,06,07,51,22,   21.25,   20.57, 1018.78,   -48.1,   41.97
SD,20,26,02,06,08,01,22,   21.25,   20.55, 1018.94,   -49.3,   41.94
SD,20,26,02,06,08,11,22,   21.25,   20.54, 1018.94,   -49.4,   41.79
SD,20,26,02,06,08,21,22,   21.25,   20.61, 1019.04,   -50.2,   41.69
SD,20,26,02,06,08,31,22,   21.50,   20.69, 1019.04,   -50.2,   41.84
SD,20,26,02,06,08,41,22,   21.50,   20.74, 1019.06,   -50.3,   42.35
SD,20,26,02,06,08,51,22,   21.75,   20.85, 1019.34,   -52.7,   42.35
SD,20,26,02,06,09,01,22,   21.75,   20.87, 1019.52,   -54.2,   42.63
SD,20,26,02,06,09,11,22,   22.00,   21.08, 1019.77,   -56.2,   42.32
SD,20,26,02,06,09,21,22,   22.00,   21.07, 1019.82,   -56.7,   42.62
SD,20,26,02,06,09,31,22,   22.00,   21.17, 1019.92,   -57.5,   42.61
SD,20,26,02,06,09,41,22,   22.25,   21.31, 1019.96,   -57.8,   42.38
SD,20,26,02,06,09,51,22,   22.25,   21.33, 1019.88,   -57.2,   42.58
SD,20,26,02,06,10,01,22,   22.25,   21.45, 1019.82,   -56.6,   42.27
SD,20,26,02,06,10,11,22,   22.25,   21.49, 1019.82,   -56.7,   42.45
SD,20,26,02,06,10,21,22,   22.50,   21.65, 1020.05,   -58.5,   42.44
SD,20,26,02,06,10,31,22,   22.50,   21.73, 1020.10,   -59.0,   42.57
SD,20,26,02,06,10,41,22,   22.50,   21.71, 1020.21,   -59.9,   42.33
SD,20,26,02,06,10,51,22,   22.75,   21.72, 1020.10,   -58.9,   42.34
SD,20,26,02,06,11,01,22,   22.75,   21.82, 1020.04,   -58.5,   42.09
SD,20,26,02,06,11,11,22,   22.50,   21.71, 1019.82,   -56.6,   41.83
SD,20,26,02,06,11,21,22,   22.75,   21.83, 1019.58,   -54.7,   41.94
SD,20,26,02,06,11,31,22,   22.75,   21.84, 1019.69,   -55.6,   41.68
SD,20,26,02,06,11,41,22,   22.75,   21.84, 1019.65,   -55.2,   41.96
SD,20,26,02,06,11,51,22,   22.75,   21.87, 1019.59,   -54.8,   42.10
SD,20,26,02,06,12,01,22,   22.75,   21.93, 1019.68,   -55.5,   42.06
SD,20,26,02,06,12,11,22,   22.75,   21.93, 1019.59,   -54.7,   42.13
SD,20,26,02,06,12,21,22,   22.75,   21.96, 1019.60,   -54.8,   42.12
SD,20,26,02,06,12,31,22,   22.75,   21.99, 1019.46,   -53.6,   42.15
SD,20,26,02,06,12,41,22,   22.50,   21.76, 1019.41,   -53.3,   41.97
SD,20,26,02,06,12,51,22,   22.25,   21.68, 1019.32,   -52.5,   42.00
SD,20,26,02,06,13,01,22,   22.50,   21.80, 1019.19,   -51.4,   41.88
SD,20,26,02,06,13,11,22,   22.50,   21.83, 1018.93,   -49.3,   41.74
SD,20,26,02,06,13,21,22,   22.50,   21.81, 1018.71,   -47.5,   41.74
SD,20,26,02,06,13,31,22,   22.50,   21.79, 1018.76,   -47.9,   41.76
SD,20,26,02,06,13,41,22,   22.50,   21.78, 1018.77,   -47.9,   41.81
SD,20,26,02,06,13,51,22,   22.50,   21.74, 1018.56,   -46.2,   41.78
SD,20,26,02,06,14,01,22,   22.50,   21.75, 1018.24,   -43.6,   41.79
SD,20,26,02,06,14,11,22,   22.50,   21.75, 1018.19,   -43.2,   41.79
SD,20,26,02,06,14,21,22,   22.50,   21.72, 1018.16,   -42.9,   41.80
SD,20,26,02,06,14,31,22,   22.50,   21.69, 1018.18,   -43.0,   41.87
SD,20,26,02,06,14,41,22,   22.50,   21.68, 1018.13,   -42.6,   41.74
SD,20,26,02,06,14,44,27,   22.50,   21.71, 1018.09,   -42.3,   41.78
SD,20,26,02,06,15,08,04,   22.75,   21.93, 1017.97,   -41.3,   42.26
SD,20,26,02,06,15,19,46,   22.75,   21.88, 1018.06,   -42.1,   42.50
SD,20,26,02,06,16,01,54,   22.75,   22.14, 1018.16,   -42.9,   42.42
SD,20,26,02,06,16,35,25,   22.50,   22.13, 1018.27,   -43.8,   42.64
SD,20,26,02,06,16,50,58,   22.50,   22.13, 1018.38,   -44.7,   42.63
SD,20,26,02,06,18,28,33,   22.75,   22.13, 1018.73,   -47.6,   42.20
SD,20,26,02,06,19,02,03,   23.00,   22.36, 1018.64,   -46.9,   42.37
SD,20,26,02,06,19,12,05,   23.25,   22.45, 1018.62,   -46.7,   42.31
SD,20,26,02,06,19,31,20,   23.25,   22.47, 1018.44,   -45.2,   42.14
SD,20,26,02,06,19,41,21,   23.25,   22.48, 1018.66,   -47.0,   42.13
SD,20,26,02,06,20,01,20,   23.00,   22.39, 1019.01,   -50.0,   42.06
SD,20,26,02,06,20,08,50,   23.00,   22.36, 1018.76,   -47.9,   42.13
SD,20,26,02,06,20,18,51,   23.25,   22.45, 1018.72,   -47.5,   42.20
SD,20,26,02,06,20,28,51,   23.25,   22.50, 1018.68,   -47.2,   42.09
SD,20,26,02,06,20,38,51,   23.25,   22.56, 1018.68,   -47.2,   42.00
SD,20,26,02,06,20,48,51,   23.25,   22.55, 1018.82,   -48.4,   41.87
SD,20,26,02,06,20,58,50,   23.50,   22.61, 1018.77,   -47.9,   41.99
SD,20,26,02,06,21,08,50,   23.75,   22.60, 1018.84,   -48.5,   42.46
SD,20,26,02,06,21,18,50,   23.75,   22.60, 1019.01,   -50.0,   42.30
SD,20,26,02,06,21,28,50,   23.50,   22.58, 1019.00,   -49.9,   42.44
SD,20,26,02,06,21,38,50,   23.50,   22.56, 1019.06,   -50.3,   42.29
SD,20,26,02,06,21,40,45,   23.50,   22.54, 1019.07,   -50.4,   42.33
SD,20,26,02,06,21,50,46,   23.50,   22.54, 1019.02,   -50.0,   42.33
SD,20,26,02,06,22,00,46,   23.50,   22.59, 1018.82,   -48.3,   42.20
SD,20,26,02,06,22,10,46,   23.50,   22.60, 1018.54,   -46.0,   42.03
SD,20,26,02,06,22,20,46,   23.75,   22.66, 1018.34,   -44.4,   41.90
SD,20,26,02,06,22,30,45,   23.50,   22.61, 1018.26,   -43.7,   42.10
SD,20,26,02,06,22,40,45,   23.25,   22.56, 1018.30,   -44.1,   42.07
SD,20,26,02,06,22,50,45,   23.25,   22.56, 1018.49,   -45.6,   42.00
SD,20,26,02,06,23,00,45,   23.25,   22.57, 1018.84,   -48.5,   42.03
SD,20,26,02,06,23,10,45,   23.00,   22.54, 1018.66,   -47.0,   42.06
SD,20,26,02,06,23,20,45,   23.00,   22.46, 1018.59,   -46.5,   42.13
SD,20,26,02,06,23,30,45,   23.00,   22.41, 1018.82,   -48.3,   42.00
SD,20,26,02,06,23,40,45,   23.00,   22.37, 1018.99,   -49.8,   41.77
SD,20,26,02,06,23,50,45,   23.00,   22.37, 1019.20,   -51.5,   41.73
SD,20,26,02,07,00,00,45,   23.00,   22.31, 1019.16,   -51.2,   41.75
SD,20,26,02,07,00,10,45,   23.00,   22.25, 1019.00,   -49.9,   41.84
SD,20,26,02,07,00,20,45,   23.00,   22.21, 1019.03,   -50.1,   41.87
SD,20,26,02,07,00,30,45,   22.75,   22.14, 1018.98,   -49.7,   41.94
SD,20,26,02,07,00,40,45,   22.75,   22.09, 1018.84,   -48.5,   41.98
SD,20,26,02,07,00,50,45,   22.75,   22.03, 1018.76,   -47.8,   42.02
SD,20,26,02,07,01,00,45,   22.75,   21.99, 1018.62,   -46.7,   42.06
SD,20,26,02,07,01,10,45,   22.75,   21.95, 1018.63,   -46.8,   42.09
SD,20,26,02,07,01,20,45,   22.75,   21.91, 1018.47,   -45.4,   42.10
SD,20,26,02,07,01,30,45,   22.50,   21.88, 1018.58,   -46.3,   42.13
SD,20,26,02,07,01,40,45,   22.50,   21.84, 1018.56,   -46.2,   42.14
SD,20,26,02,07,01,50,45,   22.50,   21.80, 1018.33,   -44.3,   42.14
SD,20,26,02,07,02,00,45,   22.50,   21.79, 1018.38,   -44.7,   42.11
SD,20,26,02,07,02,10,45,   22.50,   21.76, 1018.41,   -45.0,   42.13
SD,20,26,02,07,02,20,45,   22.50,   21.74, 1018.45,   -45.3,   42.19
SD,20,26,02,07,02,30,45,   22.50,   21.71, 1018.40,   -44.9,   42.20
SD,20,26,02,07,02,40,45,   22.25,   21.70, 1018.33,   -44.3,   42.20
SD,20,26,02,07,02,50,45,   22.50,   21.67, 1018.25,   -43.6,   42.20
SD,20,26,02,07,03,00,45,   22.25,   21.66, 1017.96,   -41.2,   42.20
SD,20,26,02,07,03,10,45,   22.50,   21.64, 1018.13,   -42.7,   42.20
SD,20,26,02,07,03,20,45,   22.25,   21.62, 1018.06,   -42.0,   42.18
SD,20,26,02,07,03,30,45,   22.25,   21.59, 1018.12,   -42.5,   42.21
SD,20,26,02,07,03,40,45,   22.50,   21.58, 1017.96,   -41.2,   42.18
SD,20,26,02,07,03,50,45,   22.25,   21.56, 1017.84,   -40.3,   42.21
SD,20,26,02,07,04,00,45,   22.25,   21.56, 1017.87,   -40.5,   42.16
SD,20,26,02,07,04,10,45,   22.25,   21.53, 1017.78,   -39.7,   42.18
SD,20,26,02,07,04,20,45,   22.25,   21.52, 1017.68,   -38.9,   42.18
SD,20,26,02,07,04,30,45,   22.25,   21.50, 1017.65,   -38.6,   42.15
SD,20,26,02,07,04,40,45,   22.25,   21.48, 1017.88,   -40.6,   42.15
SD,20,26,02,07,04,50,45,   22.25,   21.47, 1017.89,   -40.6,   42.16
SD,20,26,02,07,05,00,45,   22.25,   21.47, 1017.79,   -39.8,   42.11
SD,20,26,02,07,05,10,45,   22.25,   21.45, 1017.78,   -39.7,   42.12
SD,20,26,02,07,05,20,45,   22.25,   21.44, 1017.71,   -39.1,   42.09
SD,20,26,02,07,05,30,45,   22.25,   21.41, 1017.62,   -38.4,   42.11
SD,20,26,02,07,05,40,45,   22.00,   21.39, 1017.45,   -37.0,   42.12
SD,20,26,02,07,05,50,45,   22.00,   21.38, 1017.40,   -36.5,   42.10
SD,20,26,02,07,06,00,45,   22.00,   21.38, 1017.36,   -36.3,   42.05
SD,20,26,02,07,06,10,45,   22.25,   21.36, 1017.36,   -36.3,   42.08
SD,20,26,02,07,06,20,45,   22.00,   21.35, 1017.38,   -36.4,   41.99
SD,20,26,02,07,06,30,45,   22.00,   21.34, 1017.40,   -36.6,   42.06
SD,20,26,02,07,06,40,45,   22.00,   21.33, 1017.23,   -35.2,   42.07
SD,20,26,02,07,06,50,45,   22.00,   21.31, 1017.27,   -35.5,   42.04
SD,20,26,02,07,07,00,45,   22.00,   21.31, 1017.28,   -35.6,   42.04
SD,20,26,02,07,07,10,45,   22.00,   21.29, 1017.22,   -35.1,   42.02
SD,20,26,02,07,07,20,45,   22.00,   21.27, 1017.14,   -34.4,   42.04
SD,20,26,02,07,07,30,45,   22.00,   21.26, 1016.89,   -32.4,   41.98
SD,20,26,02,07,07,40,45,   22.00,   21.25, 1017.05,   -33.6,   42.00
SD,20,26,02,07,07,50,45,   22.00,   21.24, 1017.14,   -34.4,   41.99
SD,20,26,02,07,08,00,45,   22.00,   21.26, 1017.20,   -34.9,   41.94
SD,20,26,02,07,08,10,45,   22.00,   21.23, 1017.09,   -34.0,   41.94
SD,20,26,02,07,08,20,45,   22.00,   21.21, 1016.95,   -32.8,   41.98
SD,20,26,02,07,08,30,45,   22.00,   21.22, 1016.99,   -33.2,   41.96
SD,20,26,02,07,08,40,45,   22.00,   21.22, 1016.82,   -31.8,   41.91
SD,20,26,02,07,08,50,45,   22.00,   21.29, 1016.86,   -32.1,   41.82
SD,20,26,02,07,09,00,45,   22.25,   21.29, 1016.70,   -30.7,   42.36
SD,20,26,02,07,09,10,45,   22.50,   21.47, 1016.64,   -30.3,   42.54
SD,20,26,02,07,09,20,45,   22.50,   22.24, 1016.58,   -29.8,   41.17
SD,20,26,02,07,09,30,45,   22.75,   22.02, 1016.39,   -28.2,   41.85
SD,20,26,02,07,09,40,45,   23.00,   22.06, 1016.47,   -28.9,   42.03
SD,20,26,02,07,09,50,45,   23.00,   22.09, 1016.60,   -29.9,   42.12
SD,20,26,02,07,10,00,45,   23.25,   22.25, 1016.68,   -30.6,   42.02
SD,20,26,02,07,10,10,45,   23.25,   22.31, 1016.68,   -30.6,   41.91
SD,20,26,02,07,10,20,45,   23.25,   22.32, 1016.78,   -31.4,   41.98
SD,20,26,02,07,10,30,45,   23.25,   22.39, 1017.06,   -33.8,   42.01
SD,20,26,02,07,10,40,45,   23.25,   22.36, 1017.03,   -33.5,   42.10
SD,20,26,02,07,10,50,45,   23.25,   22.39, 1017.01,   -33.3,   42.23
SD,20,26,02,07,11,00,45,   23.50,   22.42, 1017.00,   -33.2,   42.22
SD,20,26,02,07,11,10,45,   23.50,   22.46, 1016.59,   -29.8,   42.20
SD,20,26,02,07,11,20,45,   23.00,   22.33, 1016.16,   -26.3,   42.33
SD,20,26,02,07,11,30,45,   23.00,   22.27, 1015.80,   -23.3,   42.06
SD,20,26,02,07,11,40,45,   22.75,   22.10, 1015.66,   -22.1,   42.37
SD,20,26,02,07,11,50,45,   22.75,   22.13, 1015.65,   -22.1,   42.41
SD,20,26,02,07,12,00,45,   23.00,   22.22, 1015.85,   -23.7,   42.58
SD,20,26,02,07,12,10,45,   23.25,   22.31, 1015.97,   -24.7,   42.55
SD,20,26,02,07,12,20,45,   23.25,   22.34, 1016.02,   -25.1,   42.39
SD,20,26,02,07,12,30,45,   23.25,   22.37, 1015.97,   -24.7,   42.45
SD,20,26,02,07,12,40,45,   23.25,   22.37, 1015.63,   -21.9,   42.41
SD,20,26,02,07,12,50,45,   23.25,   22.40, 1015.49,   -20.7,   42.35
SD,20,26,02,07,13,00,45,   23.25,   22.39, 1015.54,   -21.1,   42.42
SD,20,26,02,07,13,10,45,   23.25,   22.39, 1015.35,   -19.5,   42.49
SD,20,26,02,07,13,20,45,   23.25,   22.41, 1015.14,   -17.8,   42.35
SD,20,26,02,07,13,30,45,   23.25,   22.43, 1015.01,   -16.7,   42.29
SD,20,26,02,07,13,40,45,   23.25,   22.40, 1015.14,   -17.8,   42.28
SD,20,26,02,07,13,50,45,   23.25,   22.37, 1015.31,   -19.2,   42.24
SD,20,26,02,07,14,00,45,   23.50,   22.43, 1015.21,   -18.4,   42.40
SD,20,26,02,07,14,10,45,   23.50,   22.46, 1015.10,   -17.5,   42.63
SD,20,26,02,07,14,20,45,   23.50,   22.63, 1015.15,   -17.9,   42.82
SD,20,26,02,07,14,30,45,   23.75,   22.73, 1015.14,   -17.8,   42.50
SD,20,26,02,07,14,40,45,   23.75,   22.88, 1014.86,   -15.5,   42.47
SD,20,26,02,07,14,50,45,   23.75,   22.89, 1014.37,   -11.4,   42.64
SD,20,26,02,07,15,00,45,   23.75,   22.91, 1014.80,   -14.9,   42.85
SD,20,26,02,07,15,10,45,   24.00,   22.93, 1014.84,   -15.3,   42.99
SD,20,26,02,07,15,20,45,   23.75,   22.93, 1015.10,   -17.4,   43.22
SD,20,26,02,07,15,30,45,   23.75,   22.88, 1014.95,   -16.2,   43.26
SD,20,26,02,07,15,40,45,   23.75,   22.90, 1014.95,   -16.2,   43.13
SD,20,26,02,07,15,50,45,   23.75,   22.87, 1015.18,   -18.1,   43.37
SD,20,26,02,07,16,00,45,   23.75,   22.91, 1015.12,   -17.7,   43.92
SD,20,26,02,07,16,10,45,   23.75,   22.89, 1015.00,   -16.6,   43.64
SD,20,26,02,07,16,20,45,   23.75,   23.03, 1014.93,   -16.0,   43.39
SD,20,26,02,07,16,30,45,   24.00,   23.15, 1015.11,   -17.5,   43.43
SD,20,26,02,07,16,40,45,   24.00,   23.09, 1015.27,   -18.9,   43.00
SD,20,26,02,07,16,50,45,   24.00,   23.06, 1015.16,   -18.0,   42.85
SD,20,26,02,07,17,00,45,   24.00,   23.12, 1015.20,   -18.3,   42.77
SD,20,26,02,07,17,10,45,   24.00,   23.17, 1015.20,   -18.3,   42.61
SD,20,26,02,07,17,20,45,   24.25,   23.21, 1015.32,   -19.3,   42.45
SD,20,26,02,07,17,30,45,   24.25,   23.26, 1015.17,   -18.1,   42.33
SD,20,26,02,07,17,40,45,   24.00,   23.25, 1015.35,   -19.6,   42.27
SD,20,26,02,07,17,50,45,   24.00,   23.22, 1015.50,   -20.8,   42.24
SD,20,26,02,07,18,00,45,   24.00,   23.19, 1015.53,   -21.0,   42.31
SD,20,26,02,07,18,10,45,   24.00,   23.11, 1015.68,   -22.3,   42.18
SD,20,26,02,07,18,20,45,   24.00,   23.04, 1015.74,   -22.8,   42.20
SD,20,26,02,07,18,30,45,   24.00,   22.96, 1015.88,   -23.9,   42.25
SD,20,26,02,07,18,40,45,   23.50,   22.65, 1015.66,   -22.1,   43.29
SD,20,26,02,07,18,50,45,   23.25,   22.80, 1015.56,   -21.3,   42.76
SD,20,26,02,07,19,00,45,   23.25,   22.76, 1015.65,   -22.0,   42.63
SD,20,26,02,07,19,10,45,   23.00,   22.70, 1015.83,   -23.5,   42.71
SD,20,26,02,07,19,20,45,   23.00,   22.56, 1016.06,   -25.4,   43.91
SD,20,26,02,07,19,30,45,   22.75,   22.49, 1016.17,   -26.4,   44.03
SD,20,26,02,07,19,40,45,   23.00,   22.45, 1016.51,   -29.2,   44.17
SD,20,26,02,07,19,50,45,   23.00,   22.48, 1016.76,   -31.3,   44.33
SD,20,26,02,07,20,00,45,   23.00,   22.55, 1016.89,   -32.3,   44.05
SD,20,26,02,07,20,10,45,   23.25,   22.64, 1016.83,   -31.8,   43.87
SD,20,26,02,07,20,20,45,   23.25,   22.72, 1016.78,   -31.4,   43.76
SD,20,26,02,07,20,30,45,   23.25,   22.75, 1016.85,   -32.0,   43.70
SD,20,26,02,07,20,40,45,   23.25,   22.86, 1016.90,   -32.5,   43.67
SD,20,26,02,07,20,50,45,   23.50,   22.95, 1017.16,   -34.6,   43.53
SD,20,26,02,07,21,00,45,   23.50,   23.03, 1017.33,   -36.0,   43.22
SD,20,26,02,07,21,10,45,   23.50,   23.10, 1017.58,   -38.1,   42.94
SD,20,26,02,07,21,20,45,   24.00,   23.18, 1017.67,   -38.9,   42.82
SD,20,26,02,07,21,30,45,   24.00,   23.23, 1017.94,   -41.0,   42.66
SD,20,26,02,07,21,40,45,   24.00,   23.28, 1018.06,   -42.0,   42.55
SD,20,26,02,07,21,50,45,   24.00,   23.16, 1018.21,   -43.3,   42.48
SD,20,26,02,07,22,00,45,   24.00,   23.15, 1018.44,   -45.2,   42.59
SD,20,26,02,07,22,10,45,   24.25,   23.21, 1018.77,   -47.9,   42.58
SD,20,26,02,07,22,20,45,   24.00,   23.22, 1019.06,   -50.4,   42.75
SD,20,26,02,07,22,30,45,   24.00,   23.25, 1019.19,   -51.5,   42.77
SD,20,26,02,07,22,40,45,   24.25,   23.31, 1019.44,   -53.5,   42.72
SD,20,26,02,07,22,50,45,   24.25,   23.27, 1019.58,   -54.6,   42.86
SD,20,26,02,07,23,00,45,   24.00,   23.25, 1019.89,   -57.2,   42.97
SD,20,26,02,07,23,10,45,   24.25,   23.21, 1020.05,   -58.5,   43.01
SD,20,26,02,07,23,20,45,   24.00,   23.16, 1020.30,   -60.6,   42.98
SD,20,26,02,07,23,30,45,   23.75,   23.08, 1020.56,   -62.8,   42.71
SD,20,26,02,07,23,40,45,   23.75,   23.02, 1020.79,   -64.7,   42.64
SD,20,26,02,07,23,50,45,   23.75,   22.96, 1020.87,   -65.3,   42.45
SD,20,26,02,08,00,00,45,   23.75,   22.95, 1020.85,   -65.2,   42.35
SD,20,26,02,08,00,10,45,   23.50,   23.06, 1020.91,   -65.7,   42.10
SD,20,26,02,08,00,20,45,   23.50,   23.01, 1021.06,   -66.9,   42.10
SD,20,26,02,08,00,30,45,   23.50,   22.94, 1021.18,   -67.9,   42.12
SD,20,26,02,08,00,40,45,   23.50,   22.85, 1021.33,   -69.1,   42.21
SD,20,26,02,08,00,50,45,   23.25,   22.77, 1021.34,   -69.2,   42.25
SD,20,26,02,08,01,00,45,   23.25,   22.71, 1021.67,   -71.9,   42.30
SD,20,26,02,08,01,10,45,   23.25,   22.65, 1021.72,   -72.4,   42.34
SD,20,26,02,08,01,20,45,   23.00,   22.59, 1021.75,   -72.6,   42.39
SD,20,26,02,08,01,30,45,   23.00,   22.54, 1021.93,   -74.1,   42.49
SD,20,26,02,08,01,40,45,   23.00,   22.49, 1022.12,   -75.7,   42.45
SD,20,26,02,08,01,50,45,   23.00,   22.45, 1022.36,   -77.6,   42.46
SD,20,26,02,08,02,00,45,   23.00,   22.41, 1022.31,   -77.3,   42.48
SD,20,26,02,08,02,10,45,   23.00,   22.36, 1022.38,   -77.8,   42.50
SD,20,26,02,08,02,20,45,   22.75,   22.33, 1022.43,   -78.3,   42.50
SD,20,26,02,08,02,30,45,   22.75,   22.29, 1022.42,   -78.1,   42.49
SD,20,26,02,08,02,40,45,   22.75,   22.27, 1022.54,   -79.1,   42.44
SD,20,26,02,08,02,50,45,   22.75,   22.24, 1022.49,   -78.7,   42.48
SD,20,26,02,08,03,00,45,   22.75,   22.20, 1022.47,   -78.5,   42.49
SD,20,26,02,08,03,10,45,   22.75,   22.16, 1022.39,   -77.9,   42.47
SD,20,26,02,08,03,20,45,   22.75,   22.13, 1022.57,   -79.4,   42.45
SD,20,26,02,08,03,30,45,   22.75,   22.10, 1022.56,   -79.3,   42.45
SD,20,26,02,08,03,40,45,   22.75,   22.07, 1022.53,   -79.1,   42.44
SD,20,26,02,08,03,50,45,   22.50,   22.03, 1022.75,   -80.9,   42.44
SD,20,26,02,08,04,00,45,   22.50,   22.00, 1022.60,   -79.7,   42.39
SD,20,26,02,08,04,10,45,   22.50,   21.96, 1022.72,   -80.6,   42.41
SD,20,26,02,08,04,20,45,   22.50,   21.93, 1022.80,   -81.3,   42.38
SD,20,26,02,08,04,30,45,   22.50,   21.89, 1023.06,   -83.5,   42.37
SD,20,26,02,08,04,40,45,   22.50,   21.87, 1023.27,   -85.2,   42.35
SD,20,26,02,08,04,50,45,   22.50,   21.83, 1023.48,   -86.9,   42.34
SD,20,26,02,08,05,00,45,   22.25,   21.81, 1023.58,   -87.8,   42.34
SD,20,26,02,08,05,10,45,   22.25,   21.78, 1023.70,   -88.8,   42.32
SD,20,26,02,08,05,20,45,   22.25,   21.76, 1023.84,   -89.8,   42.22
SD,20,26,02,08,05,30,45,   22.25,   21.73, 1024.01,   -91.3,   42.28
SD,20,26,02,08,05,40,45,   22.25,   21.71, 1024.13,   -92.3,   42.26
SD,20,26,02,08,05,50,45,   22.25,   21.68, 1024.24,   -93.1,   42.22
SD,20,26,02,08,06,00,45,   22.25,   21.65, 1024.15,   -92.5,   42.20
SD,20,26,02,08,06,10,45,   22.25,   21.63, 1024.00,   -91.2,   42.22
SD,20,26,02,08,06,20,45,   22.25,   21.60, 1023.86,   -90.1,   42.16
SD,20,26,02,08,06,30,45,   22.00,   21.58, 1023.77,   -89.3,   42.08
SD,20,26,02,08,06,40,45,   22.25,   21.55, 1023.79,   -89.5,   42.15
SD,20,26,02,08,06,50,45,   22.00,   21.53, 1023.64,   -88.2,   42.11
SD,20,26,02,08,07,00,45,   22.00,   21.50, 1023.51,   -87.1,   42.07
SD,20,26,02,08,07,10,45,   22.00,   21.47, 1023.57,   -87.6,   42.08
SD,20,26,02,08,07,20,45,   22.00,   21.44, 1023.63,   -88.1,   42.02
SD,20,26,02,08,07,30,45,   22.00,   21.42, 1023.80,   -89.5,   42.04
SD,20,26,02,08,07,40,45,   22.00,   21.39, 1023.80,   -89.5,   42.03
SD,20,26,02,08,07,50,45,   22.00,   21.38, 1023.78,   -89.4,   42.02
SD,20,26,02,08,08,00,45,   22.00,   21.37, 1023.88,   -90.2,   41.98
SD,20,26,02,08,08,10,45,   22.00,   21.35, 1023.94,   -90.7,   41.96
SD,20,26,02,08,08,20,45,   22.00,   21.33, 1023.85,   -90.0,   41.96
SD,20,26,02,08,08,30,45,   22.00,   21.32, 1023.78,   -89.4,   41.88
SD,20,26,02,08,08,40,45,   22.00,   21.36, 1023.76,   -89.2,   41.86
SD,20,26,02,08,08,50,45,   22.25,   21.44, 1023.75,   -89.2,   42.33
SD,20,26,02,08,09,00,45,   22.50,   21.52, 1023.72,   -88.9,   42.56
SD,20,26,02,08,09,10,45,   22.75,   21.60, 1023.70,   -88.7,   42.67
SD,20,26,02,08,09,20,45,   22.75,   21.80, 1023.89,   -90.3,   42.66
SD,20,26,02,08,09,30,45,   22.75,   21.97, 1024.00,   -91.2,   42.49
SD,20,26,02,08,09,40,45,   23.00,   22.08, 1024.09,   -92.0,   42.46
SD,20,26,02,08,09,50,45,   23.00,   22.19, 1024.11,   -92.1,   42.44
SD,20,26,02,08,10,00,45,   23.00,   22.25, 1023.99,   -91.2,   42.43
SD,20,26,02,08,10,10,45,   23.25,   22.29, 1023.95,   -90.8,   42.49
SD,20,26,02,08,10,20,45,   23.25,   22.38, 1023.94,   -90.7,   42.34
SD,20,26,02,08,10,30,45,   23.50,   22.41, 1023.91,   -90.4,   42.42
SD,20,26,02,08,10,40,45,   23.25,   22.45, 1023.97,   -90.9,   42.39
SD,20,26,02,08,10,50,45,   22.75,   22.27, 1023.93,   -90.6,   41.85
SD,20,26,02,08,11,00,45,   22.50,   22.21, 1023.98,   -91.0,   41.77
SD,20,26,02,08,11,10,45,   22.25,   22.04, 1023.96,   -90.9,   41.98
SD,20,26,02,08,11,20,45,   22.75,   22.00, 1023.80,   -89.5,   42.11
SD,20,26,02,08,11,30,45,   23.00,   22.08, 1023.61,   -88.0,   42.55
SD,20,26,02,08,11,40,45,   23.00,   22.09, 1023.48,   -86.9,   42.70
SD,20,26,02,08,11,50,45,   23.25,   22.21, 1023.25,   -84.9,   42.66
SD,20,26,02,08,12,00,45,   23.25,   22.26, 1023.02,   -83.1,   42.78
SD,20,26,02,08,12,10,45,   23.25,   22.30, 1022.97,   -82.7,   42.81
SD,20,26,02,08,12,20,45,   23.25,   22.35, 1022.84,   -81.6,   42.86
SD,20,26,02,08,12,30,45,   23.25,   22.38, 1022.58,   -79.4,   43.16
SD,20,26,02,08,12,40,45,   23.50,   22.45, 1022.47,   -78.6,   43.73
SD,20,26,02,08,12,50,45,   23.75,   22.50, 1022.46,   -78.5,   44.08
SD,20,26,02,08,13,00,45,   23.50,   22.50, 1022.35,   -77.6,   43.77
SD,20,26,02,08,13,10,45,   23.25,   22.35, 1022.41,   -78.1,   42.49
SD,20,26,02,08,13,20,45,   23.00,   22.17, 1022.27,   -76.9,   42.18
SD,20,26,02,08,13,30,45,   23.00,   22.09, 1022.15,   -76.1,   42.14
SD,20,26,02,08,13,40,45,   22.75,   21.99, 1022.05,   -75.1,   42.08
SD,20,26,02,08,13,50,45,   22.75,   21.91, 1021.87,   -73.6,   42.06
SD,20,26,02,08,14,00,45,   22.75,   21.87, 1021.75,   -72.6,   41.98
SD,20,26,02,08,14,10,45,   23.00,   22.02, 1021.60,   -71.3,   42.30
SD,20,26,02,08,14,20,45,   23.00,   22.13, 1021.42,   -69.9,   42.55
SD,20,26,02,08,14,30,45,   23.25,   22.20, 1021.28,   -68.8,   42.73
SD,20,26,02,08,14,40,45,   23.25,   22.29, 1021.22,   -68.3,   42.76
SD,20,26,02,08,14,50,45,   23.25,   22.35, 1021.06,   -66.9,   42.73
SD,20,26,02,08,15,00,45,   23.50,   22.45, 1020.97,   -66.2,   42.68
SD,20,26,02,08,15,10,45,   23.50,   22.53, 1020.90,   -65.6,   42.60
SD,20,26,02,08,15,20,45,   23.50,   22.65, 1020.87,   -65.3,   42.52
SD,20,26,02,08,15,30,45,   23.50,   22.66, 1020.76,   -64.4,   42.54
SD,20,26,02,08,15,40,45,   23.50,   22.61, 1020.79,   -64.7,   42.22
SD,20,26,02,08,15,50,45,   23.50,   22.53, 1020.84,   -65.1,   42.07
SD,20,26,02,08,16,00,45,   24.25,   22.84, 1020.82,   -64.8,   42.27
SD,20,26,02,08,16,10,45,   24.50,   22.96, 1020.74,   -64.3,   42.39
SD,20,26,02,08,16,20,45,   24.25,   23.08, 1020.79,   -64.7,   42.27
SD,20,26,02,08,16,30,45,   24.25,   23.08, 1020.80,   -64.7,   42.30
SD,20,26,02,08,16,40,45,   24.50,   23.08, 1020.83,   -65.0,   42.39
SD,20,26,02,08,16,50,45,   24.50,   23.01, 1020.83,   -65.0,   42.59
SD,20,26,02,08,17,00,45,   24.25,   23.03, 1020.85,   -65.2,   42.47
SD,20,26,02,08,17,10,45,   24.25,   23.01, 1020.92,   -65.8,   42.33
SD,20,26,02,08,17,20,45,   24.00,   23.02, 1020.90,   -65.6,   42.42
SD,20,26,02,08,17,30,45,   24.00,   22.94, 1021.02,   -66.6,   42.39
SD,20,26,02,08,17,40,45,   23.75,   22.79, 1020.99,   -66.3,   42.29
SD,20,26,02,09,02,33,54,   23.75,   22.75, 1020.93,   -65.9,   42.25
SD,20,26,02,08,18,07,59,   23.50,   22.71, 1020.90,   -65.6,   42.04
SD,20,26,02,08,18,18,00,   23.50,   22.69, 1020.92,   -65.8,   41.96
SD,20,26,02,09,03,08,57,   23.25,   22.67, 1020.91,   -65.7,   41.96
SD,20,26,02,09,03,21,25,   23.25,   22.69, 1020.83,   -65.0,   41.90
SD,20,26,02,09,03,32,57,   23.25,   22.72, 1020.87,   -65.4,   41.81
SD,20,26,02,09,04,16,22,   23.25,   22.84, 1021.23,   -68.3,   41.53
SD,20,26,02,09,08,04,18,   23.50,   22.86, 1022.00,   -74.7,   42.24
SD,20,26,02,09,08,37,03,   23.50,   22.81, 1022.13,   -75.8,   42.24
SD,20,26,02,09,08,46,09,   23.50,   22.80, 1022.27,   -76.9,   42.26
SD,20,26,02,09,08,53,40,   23.50,   22.76, 1022.37,   -77.7,   42.26
SD,20,26,02,09,09,19,32,   23.25,   22.75, 1022.34,   -77.5,   42.19
SD,20,26,02,09,09,27,11,   23.25,   22.74, 1022.35,   -77.6,   42.18
SD,20,26,02,09,09,31,43,   23.25,   22.51, 1022.42,   -78.2,   42.75
SD,20,26,02,09,19,23,49,   22.25,   21.47, 1025.39,  -102.7,   42.76
SD,20,26,02,09,22,17,38,   22.50,   21.77, 1025.61,  -104.5,   42.50
SD,20,26,02,09,22,22,55,   22.50,   21.81, 1025.59,  -104.3,   42.50
SD,20,26,02,09,12,18,28,   22.50,   21.99, 1025.35,  -102.4,   42.10
SD,20,26,02,09,12,28,30,   22.50,   21.87, 1025.33,  -102.2,   42.10
SD,20,26,02,09,12,48,29,   22.75,   21.90, 1025.21,  -101.2,   41.94
SD,20,26,02,09,12,58,29,   22.25,   21.75, 1025.22,  -101.3,   42.04
SD,20,26,02,09,13,05,49,   22.50,   21.76, 1025.21,  -101.2,   42.00
SD,20,26,02,09,13,15,51,   22.50,   21.76, 1025.12,  -100.4,   42.18
SD,20,26,02,09,13,35,50,   22.25,   21.73, 1024.95,   -99.1,   42.20
SD,20,26,02,09,13,45,50,   22.25,   21.69, 1024.93,   -98.9,   42.23
SD,20,26,02,09,13,55,50,   22.25,   21.65, 1024.88,   -98.4,   42.24
SD,20,26,02,09,14,05,50,   22.25,   21.73, 1024.82,   -97.9,   42.23
SD,20,26,02,09,14,08,46,   22.25,   21.70, 1024.78,   -97.6,   42.30
SD,20,26,02,09,14,19,09,   22.00,   21.66, 1024.74,   -97.3,   42.30
SD,20,26,02,09,14,29,10,   22.25,   21.66, 1024.72,   -97.1,   42.20
SD,20,26,02,09,14,39,10,   22.25,   21.66, 1024.81,   -97.9,   42.36
SD,20,26,02,09,14,49,10,   22.25,   21.58, 1024.72,   -97.2,   42.38
SD,20,26,02,09,14,59,10,   22.00,   21.60, 1024.72,   -97.2,   42.45
SD,20,26,02,09,15,09,10,   22.50,   21.88, 1024.67,   -96.8,   42.60
SD,20,26,02,09,15,19,10,   22.75,   21.99, 1024.67,   -96.7,   43.06
SD,20,26,02,09,15,29,10,   22.75,   22.01, 1024.63,   -96.4,   43.32
SD,20,26,02,09,15,39,10,   22.50,   21.86, 1024.54,   -95.6,   42.64
SD,20,26,02,09,15,49,10,   22.50,   21.90, 1024.60,   -96.2,   42.07
SD,20,26,02,09,15,59,10,   22.75,   21.93, 1024.58,   -96.0,   42.13
SD,20,26,02,09,16,09,10,   22.50,   21.83, 1024.55,   -95.7,   42.59
SD,20,26,02,09,16,19,10,   22.75,   21.87, 1024.54,   -95.6,   43.15
SD,20,26,02,09,16,29,10,   22.75,   21.95, 1024.54,   -95.7,   42.94
SD,20,26,02,09,16,39,10,   23.00,   21.95, 1024.54,   -95.7,   42.64
SD,20,26,02,09,16,49,10,   22.75,   21.92, 1024.52,   -95.5,   42.57
SD,20,26,02,09,16,59,10,   23.25,   22.37, 1024.51,   -95.4,   42.76
SD,20,26,02,09,17,09,10,   23.50,   22.51, 1024.38,   -94.4,   42.76
SD,20,26,02,09,17,19,10,   23.75,   22.53, 1024.36,   -94.2,   42.98
SD,20,26,02,09,17,29,10,   23.75,   22.61, 1024.38,   -94.3,   42.88
SD,20,26,02,09,17,39,10,   23.75,   22.69, 1024.34,   -94.0,   42.83
SD,20,26,02,09,17,49,10,   23.75,   22.69, 1024.27,   -93.4,   43.25
SD,20,26,02,09,17,59,10,   23.75,   22.69, 1024.18,   -92.7,   43.03
SD,20,26,02,09,18,09,10,   23.50,   22.69, 1024.09,   -92.0,   43.21
SD,20,26,02,09,18,19,10,   23.75,   22.75, 1024.14,   -92.3,   43.07
SD,20,26,02,09,18,29,10,   23.50,   22.74, 1024.10,   -92.0,   43.13
SD,20,26,02,09,18,39,10,   23.25,   22.60, 1024.05,   -91.6,   42.97
SD,20,26,02,09,18,49,10,   23.00,   22.46, 1024.13,   -92.3,   42.51
SD,20,26,02,09,18,59,10,   23.00,   22.45, 1024.05,   -91.6,   42.71
SD,20,26,02,09,19,09,10,   23.00,   22.43, 1024.04,   -91.5,   42.90
SD,20,26,02,09,19,19,10,   23.00,   22.41, 1023.98,   -91.0,   43.03
SD,20,26,02,09,19,29,10,   23.00,   22.47, 1023.97,   -90.9,   42.86
SD,20,26,02,09,19,39,10,   23.00,   22.56, 1023.96,   -90.8,   42.87
SD,20,26,02,09,19,49,10,   23.25,   22.55, 1023.92,   -90.5,   43.01
SD,20,26,02,09,19,59,10,   23.25,   22.61, 1023.72,   -88.9,   42.96
SD,20,26,02,09,20,09,10,   23.50,   22.66, 1023.65,   -88.3,   43.00
SD,20,26,02,09,20,19,10,   23.50,   22.68, 1023.63,   -88.1,   42.98
SD,20,26,02,09,20,29,10,   23.50,   22.72, 1023.58,   -87.7,   42.95
SD,20,26,02,09,20,39,10,   23.50,   22.80, 1023.49,   -87.0,   42.81
SD,20,26,02,09,20,49,10,   23.75,   22.82, 1023.50,   -87.1,   42.82
SD,20,26,02,09,20,59,10,   23.50,   22.79, 1023.33,   -85.7,   42.78
SD,20,26,02,09,21,09,10,   23.25,   22.69, 1023.27,   -85.2,   42.21
SD,20,26,02,09,21,19,10,   23.50,   22.79, 1023.17,   -84.3,   42.43
SD,20,26,02,09,21,29,10,   23.75,   22.92, 1023.16,   -84.3,   42.31
SD,20,26,02,09,21,39,10,   23.75,   22.92, 1023.18,   -84.4,   42.56
SD,20,26,02,09,21,49,10,   23.75,   22.95, 1023.25,   -85.0,   42.60
SD,20,26,02,09,21,59,10,   23.75,   22.92, 1023.23,   -84.8,   42.62
SD,20,26,02,09,22,09,10,   23.75,   22.81, 1023.18,   -84.5,   42.55
SD,20,26,02,09,22,19,10,   23.75,   22.73, 1023.20,   -84.6,   42.72
SD,20,26,02,09,22,29,10,   23.50,   22.77, 1023.17,   -84.4,   42.31
SD,20,26,02,09,22,39,10,   23.50,   22.56, 1023.09,   -83.7,   42.74
SD,20,26,02,09,22,49,10,   23.25,   22.46, 1023.05,   -83.3,   42.75
SD,20,26,02,09,22,59,10,   23.25,   22.63, 1023.04,   -83.2,   42.32
SD,20,26,02,09,23,09,10,   23.25,   22.64, 1022.96,   -82.6,   42.13
SD,20,26,02,09,23,19,10,   23.25,   22.59, 1022.91,   -82.2,   42.12
SD,20,26,02,09,23,29,10,   23.25,   22.54, 1022.94,   -82.4,   42.21
SD,20,26,02,09,23,39,10,   23.00,   22.47, 1022.87,   -81.9,   42.26
SD,20,26,02,09,23,49,10,   23.00,   22.40, 1022.84,   -81.7,   42.32
SD,20,26,02,09,23,59,10,   23.00,   22.35, 1022.76,   -80.9,   42.36
SD,20,26,02,10,00,09,10,   22.75,   22.28, 1022.67,   -80.2,   42.45
SD,20,26,02,10,00,19,10,   22.75,   22.24, 1022.78,   -81.1,   42.48
SD,20,26,02,10,00,29,10,   22.75,   22.17, 1022.64,   -80.0,   42.55
SD,20,26,02,10,00,39,10,   22.75,   22.15, 1022.56,   -79.3,   42.51
SD,20,26,02,10,00,49,10,   22.75,   22.11, 1022.48,   -78.7,   42.55
SD,20,26,02,10,00,59,10,   22.75,   22.05, 1022.52,   -79.0,   42.59
SD,20,26,02,10,01,09,10,   22.50,   22.02, 1022.50,   -78.8,   42.58
SD,20,26,02,10,01,19,10,   22.75,   21.99, 1022.42,   -78.1,   42.63
SD,20,26,02,10,01,29,10,   22.50,   21.98, 1022.39,   -77.9,   42.58
SD,20,26,02,10,01,39,10,   22.75,   21.94, 1022.34,   -77.6,   42.58
SD,20,26,02,10,01,49,10,   22.50,   21.90, 1022.29,   -77.1,   42.66
SD,20,26,02,10,01,59,10,   22.50,   21.86, 1022.22,   -76.5,   42.68
SD,20,26,02,10,02,09,10,   22.50,   21.86, 1022.18,   -76.1,   42.63
SD,20,26,02,10,02,19,10,   22.50,   21.83, 1022.14,   -75.8,   42.65
SD,20,26,02,10,02,29,10,   22.50,   21.81, 1022.12,   -75.7,   42.63
SD,20,26,02,10,02,39,10,   22.50,   21.79, 1022.04,   -75.0,   42.59
SD,20,26,02,10,02,49,10,   22.25,   21.75, 1022.01,   -74.8,   42.63
SD,20,26,02,10,02,59,10,   22.25,   21.75, 1021.88,   -73.7,   42.56
SD,20,26,02,10,03,09,10,   22.25,   21.72, 1021.85,   -73.4,   42.58
SD,20,26,02,10,03,19,10,   22.25,   21.68, 1021.76,   -72.7,   42.57
SD,20,26,02,10,03,29,10,   22.25,   21.68, 1021.74,   -72.6,   42.54
SD,20,26,02,10,03,39,10,   22.25,   21.66, 1021.67,   -72.0,   42.54
SD,20,26,02,10,03,49,10,   22.25,   21.63, 1021.60,   -71.4,   42.54
SD,20,26,02,10,03,59,10,   22.25,   21.61, 1021.45,   -70.2,   42.54
SD,20,26,02,10,04,09,10,   22.25,   21.60, 1021.40,   -69.7,   42.51
SD,20,26,02,10,04,19,10,   22.25,   21.57, 1021.28,   -68.8,   42.50
SD,20,26,02,10,04,29,10,   22.25,   21.53, 1021.21,   -68.2,   42.53
SD,20,26,02,10,04,39,10,   22.25,   21.51, 1021.13,   -67.5,   42.53
SD,20,26,02,10,04,49,10,   22.25,   21.50, 1021.12,   -67.4,   42.47
SD,20,26,02,10,04,59,10,   22.00,   21.49, 1021.14,   -67.6,   42.46
SD,20,26,02,10,05,09,10,   22.00,   21.47, 1021.12,   -67.4,   42.47
SD,20,26,02,10,05,19,10,   22.00,   21.43, 1021.10,   -67.3,   42.49
SD,20,26,02,10,05,29,10,   22.00,   21.42, 1021.12,   -67.4,   42.49
SD,20,26,02,10,05,39,10,   22.00,   21.41, 1021.07,   -67.0,   42.44
SD,20,26,02,10,05,49,10,   22.00,   21.38, 1020.98,   -66.3,   42.44
SD,20,26,02,10,05,59,10,   22.00,   21.36, 1020.85,   -65.2,   42.45
SD,20,26,02,10,06,09,10,   22.00,   21.35, 1020.86,   -65.3,   42.45
SD,20,26,02,10,06,19,10,   22.00,   21.32, 1020.79,   -64.7,   42.43
SD,20,26,02,10,06,29,10,   22.00,   21.31, 1020.76,   -64.4,   42.41
SD,20,26,02,10,06,39,10,   22.00,   21.29, 1020.70,   -64.0,   42.39
SD,20,26,02,10,06,49,10,   22.00,   21.27, 1020.68,   -63.7,   42.38
SD,20,26,02,10,06,59,10,   21.75,   21.24, 1020.66,   -63.6,   42.39
SD,20,26,02,10,07,09,10,   22.00,   21.23, 1020.64,   -63.4,   42.34
SD,20,26,02,10,07,19,10,   21.75,   21.22, 1020.66,   -63.6,   42.35
SD,20,26,02,10,07,29,10,   21.75,   21.19, 1020.67,   -63.7,   42.34
SD,20,26,02,10,07,39,10,   22.00,   21.17, 1020.70,   -64.0,   42.33
SD,20,26,02,10,07,49,10,   21.75,   21.16, 1020.65,   -63.5,   42.28
SD,20,26,02,10,07,59,10,   21.75,   21.16, 1020.70,   -63.9,   42.26
SD,20,26,02,10,08,09,10,   21.75,   21.15, 1020.77,   -64.5,   42.22
SD,20,26,02,10,08,19,10,   21.75,   21.13, 1020.75,   -64.3,   42.23
SD,20,26,02,10,08,29,10,   21.75,   21.11, 1020.84,   -65.1,   42.22
SD,20,26,02,10,08,39,10,   21.75,   21.13, 1020.79,   -64.7,   42.13
SD,20,26,02,10,08,49,10,   21.75,   21.16, 1020.78,   -64.5,   42.05
SD,20,26,02,10,08,59,10,   21.75,   21.18, 1020.86,   -65.2,   42.08
SD,20,26,02,10,09,09,10,   22.00,   21.24, 1020.84,   -65.1,   42.19
SD,20,26,02,10,09,19,10,   22.25,   21.27, 1020.84,   -65.1,   42.62
SD,20,26,02,10,09,29,10,   22.50,   21.50, 1020.85,   -65.2,   42.66
SD,20,26,02,10,09,39,10,   22.50,   21.63, 1020.85,   -65.2,   42.52
SD,20,26,02,10,09,49,10,   22.75,   21.82, 1020.74,   -64.3,   42.37
SD,20,26,02,10,09,59,10,   22.75,   21.88, 1020.56,   -62.9,   42.31
SD,20,26,02,10,10,09,10,   22.75,   21.86, 1020.43,   -61.7,   42.48
SD,20,26,02,10,10,19,10,   22.75,   21.91, 1020.30,   -60.6,   42.49
SD,20,26,02,10,10,29,10,   22.75,   21.85, 1020.28,   -60.4,   42.73
SD,20,26,02,10,10,39,10,   22.75,   21.87, 1020.28,   -60.4,   42.80
SD,20,26,02,10,10,49,10,   22.75,   21.97, 1020.27,   -60.4,   42.48
SD,20,26,02,10,10,59,10,   22.50,   21.80, 1020.31,   -60.7,   42.58
SD,20,26,02,10,11,09,10,   22.75,   21.91, 1020.33,   -60.9,   42.61
SD,20,26,02,10,11,15,49,   22.75,   21.84, 1020.32,   -60.8,   42.77
SD,20,26,02,10,11,25,50,   22.75,   21.83, 1020.24,   -60.1,   42.99
SD,20,26,02,10,11,35,50,   22.75,   21.87, 1020.14,   -59.3,   42.79
SD,20,26,02,10,11,37,05,   22.75,   21.88, 1020.18,   -59.6,   42.97
SD,20,26,02,10,11,47,07,   22.75,   21.93, 1020.08,   -58.8,   43.07
SD,20,26,02,10,12,07,06,   22.50,   21.80, 1019.82,   -56.6,   43.28
SD,20,26,02,10,12,17,06,   22.75,   21.83, 1019.68,   -55.5,   43.09
SD,20,26,02,10,12,27,06,   22.75,   21.88, 1019.50,   -54.0,   42.92
SD,20,26,02,10,12,37,06,   22.75,   21.93, 1019.47,   -53.8,   42.25
SD,20,26,02,10,12,47,06,   22.50,   21.76, 1019.29,   -52.2,   42.46
SD,20,26,02,10,12,57,06,   22.50,   21.78, 1019.24,   -51.9,   42.66
SD,20,26,02,10,13,07,06,   22.50,   21.65, 1019.35,   -52.7,   43.10
SD,20,26,02,10,13,17,06,   22.50,   21.80, 1019.40,   -53.2,   42.72
SD,20,26,02,10,13,27,06,   22.50,   21.78, 1019.19,   -51.4,   42.59
SD,20,26,02,10,13,37,06,   22.25,   21.66, 1019.09,   -50.6,   42.68
SD,20,26,02,10,13,47,06,   22.25,   21.58, 1019.01,   -49.9,   42.66
SD,20,26,02,10,13,57,06,   22.25,   21.47, 1019.00,   -49.8,   42.79
SD,20,26,02,10,14,07,06,   22.25,   21.43, 1018.99,   -49.8,   42.94
SD,20,26,02,10,14,17,06,   22.25,   21.37, 1018.89,   -48.9,   42.98
SD,20,26,02,10,14,27,06,   22.00,   21.26, 1018.78,   -48.0,   43.07
SD,20,26,02,10,14,37,06,   22.00,   21.18, 1018.75,   -47.8,   43.21
SD,20,26,02,10,14,47,06,   22.00,   21.24, 1018.69,   -47.3,   43.06
SD,20,26,02,10,14,57,06,   22.00,   21.16, 1018.64,   -46.9,   43.16
SD,20,26,02,10,15,07,06,   22.00,   21.10, 1018.64,   -46.8,   43.35
SD,20,26,02,10,15,17,06,   21.75,   21.04, 1018.57,   -46.3,   43.31
SD,20,26,02,10,15,27,06,   21.75,   20.93, 1018.63,   -46.8,   42.88
SD,20,26,02,10,15,37,06,   21.75,   21.01, 1018.68,   -47.2,   42.94
SD,20,26,02,10,15,47,06,   22.00,   21.25, 1018.62,   -46.7,   42.91
SD,20,26,02,10,15,57,06,   22.50,   21.47, 1018.67,   -47.1,   42.97
SD,20,26,02,10,16,07,06,   22.75,   21.65, 1018.66,   -47.0,   43.13
SD,20,26,02,10,16,17,06,   22.75,   21.78, 1018.61,   -46.6,   43.10
SD,20,26,02,10,16,27,06,   22.75,   21.86, 1018.61,   -46.6,   43.17
SD,20,26,02,10,16,37,06,   23.00,   21.98, 1018.72,   -47.6,   43.07
SD,20,26,02,10,16,47,06,   23.00,   22.03, 1018.82,   -48.3,   43.02
SD,20,26,02,10,16,57,06,   23.00,   22.05, 1018.84,   -48.5,   42.99
SD,20,26,02,10,17,07,06,   23.00,   22.05, 1018.77,   -48.0,   43.06
SD,20,26,02,10,17,17,06,   23.00,   22.13, 1018.73,   -47.6,   43.12
SD,20,26,02,10,17,18,00,   23.00,   22.13, 1018.70,   -47.4,   43.12
SD,20,26,02,10,17,28,01,   23.00,   22.17, 1018.72,   -47.6,   43.11
SD,20,26,02,10,17,38,01,   23.00,   22.08, 1018.78,   -48.0,   43.00
SD,20,26,02,10,17,45,44,   22.50,   21.98, 1018.95,   -49.4,   42.95
SD,20,26,02,10,17,47,28,   22.50,   21.96, 1018.89,   -49.0,   43.01
SD,20,26,02,10,17,57,30,   22.75,   22.11, 1018.97,   -49.6,   42.73
SD,20,26,02,10,18,04,15,   22.75,   22.16, 1018.90,   -49.0,   42.69
SD,20,26,02,10,18,06,44,   23.00,   22.18, 1018.94,   -49.3,   42.68
SD,20,26,02,10,18,10,25,   23.00,   22.24, 1018.90,   -49.1,   42.60
SD,20,26,02,10,18,11,59,   22.75,   22.22, 1018.93,   -49.3,   42.61
SD,20,26,02,10,18,18,53,   23.00,   22.27, 1019.01,   -50.0,   42.58
SD,20,26,02,10,18,28,54,   23.00,   22.23, 1018.99,   -49.7,   42.48
SD,20,26,02,10,18,38,54,   23.00,   22.21, 1018.95,   -49.4,   42.20
SD,20,26,02,10,18,48,54,   22.75,   22.15, 1018.99,   -49.8,   42.17
SD,20,26,02,10,18,58,54,   22.50,   22.03, 1019.03,   -50.1,   42.28
SD,20,26,02,10,19,08,54,   22.50,   21.96, 1019.03,   -50.1,   42.37
SD,20,26,02,10,19,12,21,   22.50,   21.98, 1019.02,   -50.0,   42.37
SD,20,26,02,10,19,22,22,   23.00,   22.08, 1019.14,   -51.0,   42.72
SD,20,26,02,10,19,32,22,   22.75,   22.21, 1019.20,   -51.5,   42.46
SD,20,26,02,10,19,42,22,   22.75,   22.22, 1019.27,   -52.1,   42.21
SD,20,26,02,10,19,52,22,   23.00,   22.18, 1019.33,   -52.6,   42.36
SD,20,26,02,10,20,02,22,   23.50,   22.26, 1019.40,   -53.2,   42.61
SD,20,26,02,10,20,12,22,   23.50,   22.26, 1019.32,   -52.5,   42.84
SD,20,26,02,10,20,22,22,   23.50,   22.40, 1019.38,   -53.0,   42.52
SD,20,26,02,10,20,32,22,   23.50,   22.49, 1019.40,   -53.2,   42.28
SD,20,26,02,10,20,42,22,   23.50,   22.58, 1019.50,   -54.0,   42.17
SD,20,26,02,10,20,52,22,   23.50,   22.61, 1019.54,   -54.3,   42.05
SD,20,26,02,10,21,02,22,   23.50,   22.51, 1019.59,   -54.7,   42.26
SD,20,26,02,10,21,12,22,   23.50,   22.54, 1019.66,   -55.3,   42.33
SD,20,26,02,10,21,22,22,   23.50,   22.68, 1019.67,   -55.4,   41.78
SD,20,26,02,10,21,32,22,   23.50,   22.61, 1019.77,   -56.2,   42.17
SD,20,26,02,10,21,42,22,   23.50,   22.58, 1019.75,   -56.1,   42.42
SD,20,26,02,10,21,52,22,   23.50,   22.63, 1019.77,   -56.2,   42.38
SD,20,26,02,10,22,02,22,   23.50,   22.59, 1019.91,   -57.4,   42.61
SD,20,26,02,10,22,12,22,   23.50,   22.57, 1020.01,   -58.2,   42.69
SD,20,26,02,10,22,22,22,   23.50,   22.56, 1020.04,   -58.5,   42.75
SD,20,26,02,10,22,32,22,   23.50,   22.54, 1020.11,   -59.1,   42.88
SD,20,26,02,10,22,42,22,   23.50,   22.52, 1020.24,   -60.1,   43.00
SD,20,26,02,10,22,52,22,   23.50,   22.54, 1020.32,   -60.8,   43.03
SD,20,26,02,10,23,02,22,   23.50,   22.55, 1020.37,   -61.2,   43.14
SD,20,26,02,10,23,12,22,   23.25,   22.54, 1020.44,   -61.7,   43.11
SD,20,26,02,10,23,18,37,   23.25,   22.52, 1020.51,   -62.3,   43.44
SD,20,26,02,10,23,28,39,   23.25,   22.73, 1020.71,   -64.0,   42.84
SD,20,26,02,10,23,48,38,   23.00,   22.63, 1020.93,   -65.9,   41.68
SD,20,26,02,10,23,58,38,   23.00,   22.55, 1020.90,   -65.6,   41.74
SD,20,26,02,11,00,08,38,   23.00,   22.44, 1020.96,   -66.1,   41.88
SD,20,26,02,11,00,18,38,   22.75,   22.34, 1021.05,   -66.8,   41.98
SD,20,26,02,11,00,28,38,   22.75,   22.24, 1020.89,   -65.5,   42.10
SD,20,26,02,11,00,38,38,   22.75,   22.15, 1020.84,   -65.1,   42.18
SD,20,26,02,11,00,48,38,   22.50,   22.07, 1020.86,   -65.2,   42.25
SD,20,26,02,11,00,58,38,   22.50,   21.98, 1020.88,   -65.4,   42.37
SD,20,26,02,11,01,08,38,   22.50,   21.95, 1020.99,   -66.3,   42.34
SD,20,26,02,11,01,18,38,   22.50,   21.91, 1021.04,   -66.8,   42.33
SD,20,26,02,11,01,28,38,   22.25,   21.85, 1021.01,   -66.5,   42.36
SD,20,26,02,11,01,38,38,   22.25,   21.78, 1021.00,   -66.4,   42.39
SD,20,26,02,11,01,48,38,   22.25,   21.73, 1021.06,   -66.9,   42.41
SD,20,26,02,11,01,58,38,   22.25,   21.69, 1021.15,   -67.6,   42.41
SD,20,26,02,11,02,08,38,   22.00,   21.63, 1021.21,   -68.1,   42.44
SD,20,26,02,11,02,18,38,   22.25,   21.63, 1021.18,   -67.9,   42.40
SD,20,26,02,11,02,28,38,   22.25,   21.57, 1021.36,   -69.4,   42.44
SD,20,26,02,11,02,38,38,   22.00,   21.56, 1021.41,   -69.8,   42.40
SD,20,26,02,11,02,48,38,   22.00,   21.50, 1021.38,   -69.5,   42.47
SD,20,26,02,11,02,58,38,   22.00,   21.50, 1021.36,   -69.4,   42.38
SD,20,26,02,11,03,08,38,   22.00,   21.45, 1021.43,   -70.0,   42.39
SD,20,26,02,11,03,18,38,   22.00,   21.43, 1021.49,   -70.4,   42.41
SD,20,26,02,11,03,28,38,   22.00,   21.38, 1021.51,   -70.6,   42.44
SD,20,26,02,11,03,38,38,   22.00,   21.36, 1021.47,   -70.3,   42.41
SD,20,26,02,11,03,48,38,   22.00,   21.35, 1021.52,   -70.7,   42.34
SD,20,26,02,11,03,58,38,   22.00,   21.30, 1021.38,   -69.5,   42.40
SD,20,26,02,11,04,08,38,   21.75,   21.28, 1021.29,   -68.8,   42.35
SD,20,26,02,11,04,18,38,   21.75,   21.25, 1021.35,   -69.3,   42.36
SD,20,26,02,11,04,28,38,   21.75,   21.20, 1021.41,   -69.8,   42.37
SD,20,26,02,11,04,38,38,   21.75,   21.17, 1021.19,   -68.0,   42.35
SD,20,26,02,11,04,48,38,   21.75,   21.14, 1021.31,   -69.0,   42.36
SD,20,26,02,11,04,58,38,   21.75,   21.13, 1021.41,   -69.8,   42.32
SD,20,26,02,11,05,08,38,   21.50,   21.09, 1021.34,   -69.3,   42.31
SD,20,26,02,11,05,18,38,   21.50,   21.07, 1021.51,   -70.6,   42.32
SD,20,26,02,11,05,28,38,   21.50,   21.06, 1021.40,   -69.7,   42.28
SD,20,26,02,11,05,38,38,   21.50,   21.05, 1021.52,   -70.8,   42.24
SD,20,26,02,11,05,48,38,   21.50,   21.01, 1021.70,   -72.2,   42.23
SD,20,26,02,11,05,58,38,   21.50,   21.00, 1021.76,   -72.7,   42.17
SD,20,26,02,11,06,08,38,   21.50,   20.98, 1021.69,   -72.1,   42.17
SD,20,26,02,11,06,18,38,   21.50,   20.97, 1021.77,   -72.8,   42.16
SD,20,26,02,11,06,28,38,   21.50,   20.92, 1021.82,   -73.2,   42.18
SD,20,26,02,11,06,38,38,   21.50,   20.91, 1022.01,   -74.8,   42.15
SD,20,26,02,11,06,48,38,   21.50,   20.88, 1022.08,   -75.3,   42.14
SD,20,26,02,11,06,58,38,   21.25,   20.88, 1022.36,   -77.7,   41.97
SD,20,26,02,11,07,08,38,   21.50,   20.94, 1022.38,   -77.9,   41.83
SD,20,26,02,11,07,18,38,   22.00,   21.01, 1022.37,   -77.8,   42.37
SD,20,26,02,11,07,28,38,   22.25,   21.15, 1022.22,   -76.5,   42.43
SD,20,26,02,11,07,38,38,   22.25,   21.20, 1022.37,   -77.8,   42.69
SD,20,26,02,11,07,48,38,   22.25,   21.29, 1022.35,   -77.6,   42.90
SD,20,26,02,11,07,58,38,   22.50,   21.49, 1022.23,   -76.6,   42.62
SD,20,26,02,11,08,08,38,   22.75,   21.63, 1022.46,   -78.5,   42.48
SD,20,26,02,11,08,18,38,   22.75,   21.72, 1022.23,   -76.6,   42.42
SD,20,26,02,11,08,28,38,   22.75,   21.76, 1022.13,   -75.7,   42.48
SD,20,26,02,11,08,38,38,   22.75,   21.79, 1022.67,   -80.2,   42.58
SD,20,26,02,11,08,48,38,   23.00,   21.90, 1022.82,   -81.5,   42.42
SD,20,26,02,11,08,58,38,   22.75,   21.95, 1022.80,   -81.3,   42.48
SD,20,26,02,11,09,03,41,   22.75,   21.98, 1022.69,   -80.4,   42.52
SD,20,26,02,11,09,13,42,   22.75,   22.07, 1022.79,   -81.2,   42.74
SD,20,26,02,11,09,23,42,   23.00,   22.05, 1022.78,   -81.1,   42.40
SD,20,26,02,11,09,33,42,   22.75,   21.98, 1022.66,   -80.1,   42.33
SD,20,26,02,11,09,43,42,   22.75,   21.90, 1022.60,   -79.7,   42.25
SD,20,26,02,11,09,53,42,   22.75,   21.97, 1022.85,   -81.7,   42.17
SD,20,26,02,11,10,03,42,   22.75,   21.91, 1022.79,   -81.2,   42.18
SD,20,26,02,11,10,13,42,   22.75,   21.96, 1022.63,   -79.9,   42.62
SD,20,26,02,11,10,23,42,   22.75,   21.94, 1022.67,   -80.2,   43.17
SD,20,26,02,11,10,33,42,   22.50,   21.81, 1022.71,   -80.6,   43.16
SD,20,26,02,11,10,43,42,   22.50,   21.83, 1022.78,   -81.1,   43.22
SD,20,26,02,11,10,53,42,   22.25,   21.79, 1022.86,   -81.8,   42.92
SD,20,26,02,11,11,03,42,   22.25,   21.77, 1023.05,   -83.4,   42.94
SD,20,26,02,11,11,13,42,   22.25,   21.64, 1023.17,   -84.4,   43.03
SD,20,26,02,11,11,23,42,   22.00,   21.55, 1023.34,   -85.7,   43.05
SD,20,26,02,11,11,33,42,   22.00,   21.51, 1023.33,   -85.7,   43.00
SD,20,26,02,11,11,43,42,   22.00,   21.44, 1023.40,   -86.2,   43.00
SD,20,26,02,11,11,53,42,   22.00,   21.36, 1023.25,   -85.0,   42.98
SD,20,26,02,11,12,03,42,   21.75,   21.31, 1023.15,   -84.2,   42.98
SD,20,26,02,11,12,13,42,   21.75,   21.27, 1023.22,   -84.7,   42.99
SD,20,26,02,11,12,23,42,   22.00,   21.36, 1023.27,   -85.2,   42.47
SD,20,26,02,11,12,33,42,   22.25,   21.56, 1023.21,   -84.7,   42.71
SD,20,26,02,11,12,43,42,   22.25,   21.73, 1023.03,   -83.2,   42.64
SD,20,26,02,11,12,53,42,   22.50,   21.82, 1023.06,   -83.4,   42.58
SD,20,26,02,11,13,03,42,   22.50,   21.80, 1022.87,   -81.9,   42.43
SD,20,26,02,11,13,13,42,   22.75,   21.98, 1022.87,   -81.8,   42.04
SD,20,26,02,11,13,23,42,   22.75,   22.02, 1022.88,   -82.0,   42.16
SD,20,26,02,11,13,33,42,   22.75,   22.07, 1022.83,   -81.5,   42.20
SD,20,26,02,11,13,43,42,   22.75,   22.04, 1022.73,   -80.8,   41.65
SD,20,26,02,11,13,53,42,   22.75,   22.11, 1022.61,   -79.7,   41.76
SD,20,26,02,11,14,03,42,   22.50,   22.07, 1022.55,   -79.3,   41.78
SD,20,26,02,11,14,13,42,   22.00,   21.94, 1022.42,   -78.2,   42.29
SD,20,26,02,11,14,23,42,   22.00,   21.91, 1022.31,   -77.2,   42.11
SD,20,26,02,11,14,33,42,   21.75,   21.89, 1022.24,   -76.6,   42.09
SD,20,26,02,11,14,43,42,   21.75,   21.90, 1022.27,   -76.9,   41.78
SD,20,26,02,11,14,53,42,   22.00,   21.93, 1022.26,   -76.8,   41.85
SD,20,26,02,11,15,03,42,   22.00,   21.85, 1022.16,   -76.0,   42.14
SD,20,26,02,11,15,13,42,   22.00,   21.85, 1022.28,   -77.0,   42.08
SD,20,26,02,11,15,23,42,   22.25,   21.96, 1022.24,   -76.7,   42.03
SD,20,26,02,11,15,33,42,   22.50,   22.02, 1022.37,   -77.7,   41.95
SD,20,26,02,11,15,43,42,   22.25,   21.99, 1022.42,   -78.2,   41.76
SD,20,26,02,11,15,53,42,   22.50,   22.06, 1022.32,   -77.3,   41.66
SD,20,26,02,11,16,03,42,   22.50,   22.12, 1022.41,   -78.1,   41.72
SD,20,26,02,11,16,13,42,   22.50,   22.14, 1022.31,   -77.3,   41.56
SD,20,26,02,11,16,23,42,   22.50,   22.12, 1022.30,   -77.2,   41.57
SD,20,26,02,11,16,33,42,   22.50,   22.11, 1022.41,   -78.1,   41.58
SD,20,26,02,11,16,43,42,   22.50,   22.13, 1022.59,   -79.5,   41.51
SD,20,26,02,11,16,53,42,   22.50,   22.09, 1022.78,   -81.2,   41.61
SD,20,26,02,11,17,03,42,   22.50,   22.20, 1022.88,   -81.9,   41.57
SD,20,26,02,11,17,13,42,   22.75,   22.30, 1022.76,   -81.0,   41.53
SD,20,26,02,11,17,23,42,   22.75,   22.36, 1022.86,   -81.8,   41.46
SD,20,26,02,11,17,31,43,   22.75,   22.39, 1022.84,   -81.6,   41.44
SD,20,26,02,11,17,41,45,   22.75,   22.41, 1022.94,   -82.4,   41.40
SD,20,26,02,11,18,01,44,   22.75,   22.44, 1022.88,   -82.0,   41.16
SD,20,26,02,11,18,11,44,   22.75,   22.39, 1022.88,   -82.0,   41.39
SD,20,26,02,11,18,21,44,   22.50,   22.31, 1022.89,   -82.0,   41.69
SD,20,26,02,11,18,31,44,   22.50,   22.30, 1022.99,   -82.8,   41.98
SD,20,26,02,11,18,40,11,   22.50,   22.32, 1022.96,   -82.6,   42.05
SD,20,26,02,11,18,50,12,   22.50,   22.37, 1022.91,   -82.2,   42.10
SD,20,26,02,11,19,00,12,   22.50,   22.41, 1022.91,   -82.2,   42.06
SD,20,26,02,11,19,10,12,   22.50,   22.44, 1023.01,   -83.0,   42.07
SD,20,26,02,11,19,20,12,   22.75,   22.48, 1023.03,   -83.3,   42.06
SD,20,26,02,11,19,30,12,   22.75,   22.49, 1023.03,   -83.2,   42.05
SD,20,26,02,11,19,40,12,   22.75,   22.53, 1023.05,   -83.3,   41.73
SD,20,26,02,11,19,50,12,   22.75,   22.52, 1023.17,   -84.4,   41.50
SD,20,26,02,11,20,00,12,   22.75,   22.48, 1023.14,   -84.1,   41.38
SD,20,26,02,11,20,10,12,   22.75,   22.45, 1023.17,   -84.4,   41.33
SD,20,26,02,11,20,20,12,   22.50,   22.40, 1023.22,   -84.8,   41.33
SD,20,26,02,11,20,30,12,   22.50,   22.36, 1023.15,   -84.2,   41.33
SD,20,26,02,11,20,40,12,   22.50,   22.31, 1023.21,   -84.7,   41.39
SD,20,26,02,11,20,50,12,   22.50,   22.28, 1023.42,   -86.4,   41.38
SD,20,26,02,11,21,00,12,   22.50,   22.27, 1023.58,   -87.7,   41.36
SD,20,26,02,11,21,10,12,   22.75,   22.31, 1023.54,   -87.4,   41.69
SD,20,26,02,11,21,20,12,   22.75,   22.42, 1023.58,   -87.7,   41.76
SD,20,26,02,11,21,30,12,   23.00,   22.56, 1023.72,   -88.9,   41.63
SD,20,26,02,11,21,40,12,   23.00,   22.66, 1023.61,   -88.0,   41.58
SD,20,26,02,11,21,50,12,   23.00,   22.71, 1023.58,   -87.7,   41.55
SD,20,26,02,11,22,00,12,   23.00,   22.77, 1023.51,   -87.1,   41.48
SD,20,26,02,11,22,10,12,   23.25,   22.84, 1023.55,   -87.5,   41.42
SD,20,26,02,11,22,20,12,   23.00,   22.75, 1023.64,   -88.3,   40.98
SD,20,26,02,11,22,30,12,   22.75,   22.58, 1023.81,   -89.6,   41.50
SD,20,26,02,11,22,40,12,   22.75,   22.50, 1023.90,   -90.4,   41.54
SD,20,26,02,11,22,50,12,   22.75,   22.51, 1023.90,   -90.4,   41.70
SD,20,26,02,11,23,00,12,   22.75,   22.53, 1023.88,   -90.2,   41.61
SD,20,26,02,11,23,10,12,   23.00,   22.58, 1023.97,   -91.0,   41.57
SD,20,26,02,11,23,20,12,   23.00,   22.57, 1024.17,   -92.6,   41.54
SD,20,26,02,11,23,30,12,   22.75,   22.54, 1024.03,   -91.5,   41.47
SD,20,26,02,11,23,40,12,   22.75,   22.46, 1023.97,   -91.0,   41.10
SD,20,26,02,11,23,50,12,   22.50,   22.41, 1024.19,   -92.7,   41.11
SD,20,26,02,12,00,00,12,   22.50,   22.32, 1024.23,   -93.1,   41.13
SD,20,26,02,12,00,10,12,   22.50,   22.25, 1024.35,   -94.1,   41.18
SD,20,26,02,12,00,20,12,   22.50,   22.18, 1024.60,   -96.1,   41.24
SD,20,26,02,12,00,30,12,   22.25,   22.11, 1024.62,   -96.3,   41.27
SD,20,26,02,12,00,40,12,   22.25,   22.05, 1024.57,   -95.9,   41.24
SD,20,26,02,12,00,50,12,   22.25,   21.99, 1024.61,   -96.2,   41.27
SD,20,26,02,12,01,00,12,   22.25,   21.93, 1024.72,   -97.2,   41.29
SD,20,26,02,12,01,10,12,   22.25,   21.90, 1024.70,   -97.0,   41.28
SD,20,26,02,12,01,20,12,   22.00,   21.85, 1024.70,   -96.9,   41.25
SD,20,26,02,12,01,30,12,   22.00,   21.81, 1024.70,   -96.9,   41.25
SD,20,26,02,12,01,40,12,   22.00,   21.76, 1024.94,   -99.0,   41.29
SD,20,26,02,12,01,50,12,   22.00,   21.72, 1024.98,   -99.3,   41.29
SD,20,26,02,12,02,00,12,   22.00,   21.69, 1024.95,   -99.0,   41.29
SD,20,26,02,12,02,10,12,   22.00,   21.65, 1025.01,   -99.5,   41.30
SD,20,26,02,12,02,20,12,   22.00,   21.62, 1024.98,   -99.3,   41.28
SD,20,26,02,12,02,30,12,   21.75,   21.59, 1025.09,  -100.2,   41.28
SD,20,26,02,12,02,40,12,   21.75,   21.56, 1024.97,   -99.2,   41.25
SD,20,26,02,12,02,50,12,   21.75,   21.53, 1025.00,   -99.5,   41.23
SD,20,26,02,12,03,00,12,   21.75,   21.49, 1025.01,   -99.5,   41.19
SD,20,26,02,12,03,10,12,   21.75,   21.46, 1024.97,   -99.2,   41.22
SD,20,26,02,12,03,20,12,   21.75,   21.43, 1025.01,   -99.6,   41.20
SD,20,26,02,12,03,30,12,   21.75,   21.41, 1024.98,   -99.3,   41.17
SD,20,26,02,12,03,40,12,   21.75,   21.38, 1025.17,  -100.8,   41.16
SD,20,26,02,12,03,50,12,   21.75,   21.37, 1025.12,  -100.5,   41.11
SD,20,26,02,12,04,00,12,   21.50,   21.34, 1025.13,  -100.6,   41.10
SD,20,26,02,12,04,10,12,   21.50,   21.32, 1024.95,   -99.0,   41.08
SD,20,26,02,12,04,20,12,   21.75,   21.29, 1025.13,  -100.7,   41.06
SD,20,26,02,12,04,30,12,   21.50,   21.24, 1025.06,   -99.9,   41.08
SD,20,26,02,12,04,40,12,   21.50,   21.21, 1024.94,   -99.0,   41.01
SD,20,26,02,12,04,50,12,   21.50,   21.19, 1024.91,   -98.7,   41.05
SD,20,26,02,12,05,00,12,   21.50,   21.17, 1025.03,   -99.7,   41.02
SD,20,26,02,12,05,10,12,   21.50,   21.13, 1024.96,   -99.2,   40.99
SD,20,26,02,12,05,20,12,   21.50,   21.11, 1025.01,   -99.6,   40.94
SD,20,26,02,12,05,30,12,   21.50,   21.09, 1025.08,  -100.2,   40.95
SD,20,26,02,12,05,40,12,   21.50,   21.08, 1025.16,  -100.8,   40.94
SD,20,26,02,12,05,50,12,   21.25,   21.04, 1025.08,  -100.2,   40.93
SD,20,26,02,12,06,00,12,   21.25,   21.02, 1025.16,  -100.8,   40.94
SD,20,26,02,12,06,10,12,   21.25,   20.99, 1025.30,  -101.9,   40.93
SD,20,26,02,12,06,20,12,   21.25,   20.97, 1025.34,  -102.3,   40.94
SD,20,26,02,12,06,30,12,   21.25,   20.96, 1025.55,  -104.0,   40.87
SD,20,26,02,12,06,40,12,   21.25,   20.94, 1025.55,  -104.0,   40.88
SD,20,26,02,12,06,50,12,   21.25,   20.93, 1025.46,  -103.2,   40.83
SD,20,26,02,12,07,00,12,   21.25,   20.91, 1025.39,  -102.6,   40.80
SD,20,26,02,12,07,10,12,   21.25,   20.87, 1025.70,  -105.2,   40.84
SD,20,26,02,12,07,20,12,   21.25,   20.84, 1025.78,  -105.9,   40.81
SD,20,26,02,12,07,30,12,   21.25,   20.84, 1025.75,  -105.7,   40.79
SD,20,26,02,12,07,40,12,   21.00,   20.82, 1026.00,  -107.7,   40.77
SD,20,26,02,12,07,50,12,   21.00,   20.82, 1025.98,  -107.6,   40.74
SD,20,26,02,12,08,00,12,   21.00,   20.80, 1025.91,  -107.0,   40.70
SD,20,26,02,12,08,10,12,   21.00,   20.78, 1025.70,  -105.2,   40.70
SD,20,26,02,12,08,20,12,   21.00,   20.77, 1025.68,  -105.1,   40.67
SD,20,26,02,12,08,30,12,   21.00,   20.75, 1025.62,  -104.6,   40.66
SD,20,26,02,12,08,40,12,   21.00,   20.77, 1025.77,  -105.8,   40.58
SD,20,26,02,12,08,50,12,   21.25,   20.86, 1025.92,  -107.1,   40.61
SD,20,26,02,12,09,00,12,   21.50,   20.91, 1025.78,  -105.9,   40.96
SD,20,26,02,12,09,10,12,   21.75,   21.05, 1025.77,  -105.8,   41.01
SD,20,26,02,12,09,20,12,   21.75,   21.22, 1025.83,  -106.3,   40.96
SD,20,26,02,12,09,30,12,   22.00,   21.38, 1025.89,  -106.8,   40.84
SD,20,26,02,12,09,40,12,   22.00,   21.45, 1025.95,  -107.3,   40.80
SD,20,26,02,12,09,50,12,   22.25,   21.51, 1026.01,  -107.7,   40.79
SD,20,26,02,12,10,00,12,   22.25,   21.58, 1026.03,  -107.9,   40.76
SD,20,26,02,12,10,10,12,   22.00,   21.56, 1026.14,  -108.9,   40.92
SD,20,26,02,12,10,20,12,   22.00,   21.56, 1026.23,  -109.6,   40.48
SD,20,26,02,12,10,30,12,   21.75,   21.49, 1026.25,  -109.8,   40.58
SD,20,26,02,12,10,40,12,   22.00,   21.50, 1026.28,  -110.0,   40.71
SD,20,26,02,12,10,50,12,   22.25,   21.57, 1026.27,  -109.9,   41.03
SD,20,26,02,12,11,00,12,   22.50,   21.75, 1026.33,  -110.4,   41.25
SD,20,26,02,12,11,10,12,   22.50,   21.89, 1026.22,  -109.5,   41.07
SD,20,26,02,12,11,20,12,   22.50,   21.98, 1026.17,  -109.1,   41.09
SD,20,26,02,12,11,30,12,   22.75,   22.12, 1026.19,  -109.3,   40.98
SD,20,26,02,12,11,40,12,   22.75,   22.20, 1026.22,  -109.5,   40.98
SD,20,26,02,12,11,50,12,   22.75,   22.26, 1026.14,  -108.9,   41.06
SD,20,26,02,12,12,00,12,   23.00,   22.33, 1026.10,  -108.6,   41.03
SD,20,26,02,12,12,10,12,   23.00,   22.36, 1026.24,  -109.7,   41.06
SD,20,26,02,12,12,20,12,   23.00,   22.37, 1026.23,  -109.6,   41.09
SD,20,26,02,12,12,30,12,   23.00,   22.44, 1026.32,  -110.3,   41.25
SD,20,26,02,12,12,40,12,   23.25,   22.49, 1026.31,  -110.2,   41.16
SD,20,26,02,12,12,50,12,   23.00,   22.55, 1026.08,  -108.3,   41.12
SD,20,26,02,12,13,00,12,   23.00,   22.57, 1025.90,  -106.9,   41.12
SD20,26,02,12,13,07,13,00000000,FFFFFFFF,FFFFFFFF,FFFFFFFF,FFFFFFFF
,
SD20,26,02,12,13,14,51,   23.25,   22.61, 1025.68,  -105.1,   41.16,
SD20,26,02,12,13,17,43,   23.25,   22.61, 1025.66,  -104.9,   41.19,
SD20,26,02,12,13,27,45,   23.25,   22.66, 1025.65,  -104.8,   41.16,
SD20,26,02,12,13,32,11,   23.00,   22.65, 1025.68,  -105.0,   41.17,039C

SD20,26,02,12,13,40,17,   23.25,   22.67, 1025.39,  -102.7,   41.18,E85E

SD20,26,02,12,13,50,18,   23.25,   22.68, 1025.27,  -101.7,   41.20,2D89

SD20,26,02,12,13,52,06,   23.25,   22.68, 1025.27,  -101.7,   41.25,9FA9

SD20,26,02,12,14,02,07,   23.25,   22.60, 1025.29,  -101.8,   41.22,6D22

SD20,26,02,12,14,12,07,   22.75,   22.46, 1025.27,  -101.7,   40.45,37DD

SD20,26,02,12,14,22,07,   22.75,   22.40, 1025.20,  -101.1,   40.09,191E

SD20,26,02,12,14,32,07,   22.50,   22.23, 1025.01,   -99.5,   40.57,267C

SD20,26,02,12,14,42,07,   22.75,   22.28, 1025.00,   -99.4,   40.71,3F24

SD20,26,02,12,14,52,07,   23.00,   22.32, 1025.07,  -100.0,   40.51,D953

SD20,26,02,12,15,02,07,   23.00,   22.34, 1025.06,   -99.9,   40.45,B09A

SD20,26,02,12,15,12,07,   23.00,   22.29, 1024.93,   -98.9,   40.56,B2C8

SD20,26,02,12,15,22,07,   22.00,   21.90, 1024.88,   -98.5,   38.30,6EA6

SD20,26,02,12,15,27,38,   21.75,   21.73, 1024.93,   -98.8,   39.13,C93A

SD20,26,02,12,15,30,19,   21.50,   21.64, 1024.93,   -98.9,   39.28,57C6
SD20,26,02,12,15,40,21,   21.50,   21.45, 1024.90,   -98.6,   40.12,5BF2
SD20,26,02,12,15,50,21,   21.25,   21.35, 1024.83,   -98.1,   40.41,8B23
SD20,26,02,12,16,00,20,   21.25,   21.31, 1024.81,   -97.9,   40.47,D29D
SD20,26,02,12,16,10,20,   21.75,   21.38, 1024.65,   -96.6,   40.33,6F15
SD20,26,02,12,16,20,20,   21.75,   21.44, 1024.55,   -95.8,   40.68,5D1F
SD20,26,02,12,16,30,20,   22.00,   21.50, 1024.51,   -95.4,   40.88,B34F
SD20,26,02,12,16,40,20,   21.75,   21.59, 1024.54,   -95.7,   41.29,D2E1
SD20,26,02,12,16,50,20,   22.00,   21.62, 1024.47,   -95.0,   41.32,5CF8
SD20,26,02,12,17,00,20,   22.25,   21.74, 1024.45,   -94.9,   41.28,1A6A
SD20,26,02,12,17,10,20,   22.25,   21.80, 1024.32,   -93.8,   41.29,7AAE
SD20,26,02,12,17,20,20,   22.25,   21.89, 1024.14,   -92.3,   41.67,D7B5
SD20,26,02,12,17,30,20,   22.25,   21.84, 1024.16,   -92.5,   41.53,680A
SD20,26,02,12,17,33,15,   22.25,   21.87, 1024.19,   -92.8,   41.76,3525
SD20,26,02,12,17,43,17,   22.25,   21.95, 1024.24,   -93.2,   40.94,2BDB
SD20,26,02,12,17,53,17,   22.25,   22.00, 1024.17,   -92.6,   40.83,4CF5
SD20,26,02,12,18,13,16,   22.50,   22.12, 1024.47,   -95.1,   41.34,FDF6
SD20,26,02,12,18,23,16,   22.50,   22.25, 1024.25,   -93.2,   41.43,8434
SD20,26,02,12,18,33,16,   22.50,   22.26, 1024.25,   -93.2,   41.57,3AB8
SD20,26,02,12,18,43,16,   22.50,   22.32, 1024.24,   -93.2,   41.53,F453
SD20,26,02,12,18,53,16,   22.50,   22.36, 1024.20,   -92.9,   41.49,D2FB
SD20,26,02,12,19,03,16,   22.50,   22.37, 1024.05,   -91.6,   41.27,65F4
SD20,26,02,12,19,13,16,   22.50,   22.37, 1023.94,   -90.7,   41.32,704B
SD20,26,02,12,19,23,16,   22.50,   22.42, 1023.85,   -90.0,   41.87,4662
SD20,26,02,12,19,33,16,   22.75,   22.55, 1023.89,   -90.3,   41.88,F18F
SD20,26,02,12,19,43,16,   23.00,   22.62, 1023.66,   -88.4,   42.51,B339
SD20,26,02,12,19,53,16,   23.00,   22.65, 1023.62,   -88.1,   42.58,E0E0
SD20,26,02,12,20,03,16,   22.75,   22.64, 1023.77,   -89.3,   42.60,5D0A
SD20,26,02,12,20,13,16,   22.75,   22.46, 1023.71,   -88.8,   43.22,C8E4
SD20,26,02,12,20,23,16,   22.75,   22.44, 1023.67,   -88.5,   43.09,04DA
SD20,26,02,12,20,33,16,   22.50,   22.43, 1023.67,   -88.5,   42.91,04F0
SD20,26,02,12,20,43,16,   22.75,   22.42, 1023.70,   -88.7,   43.18,769A
SD20,26,02,12,20,53,16,   22.75,   22.49, 1023.55,   -87.5,   42.47,ACF9
SD20,26,02,12,21,03,16,   23.00,   22.57, 1023.49,   -87.0,   41.82,C6AC
SD20,26,02,12,21,13,16,   23.00,   22.61, 1023.43,   -86.5,   41.85,18CD
SD20,26,02,12,21,23,16,   23.00,   22.68, 1023.36,   -85.9,   41.55,47AB
SD20,26,02,12,21,33,16,   23.00,   22.73, 1023.40,   -86.2,   41.21,14B4
SD20,26,02,12,21,43,16,   23.25,   22.76, 1023.43,   -86.5,   41.25,6ABD
SD20,26,02,12,21,53,16,   23.25,   22.83, 1023.32,   -85.6,   40.95,8BBA
SD20,26,02,12,22,03,16,   23.25,   22.80, 1023.13,   -84.0,   40.81,8E17
SD20,26,02,12,22,13,16,   23.25,   22.84, 1023.21,   -84.7,   40.97,88E9
SD20,26,02,12,22,23,16,   23.25,   22.89, 1023.11,   -83.9,   40.87,70CF
SD20,26,02,12,22,33,16,   23.50,   22.92, 1022.93,   -82.3,   40.97,CDC8
SD20,26,02,12,22,43,16,   23.50,   22.96, 1022.72,   -80.7,   41.02,C54C
SD20,26,02,12,22,53,16,   23.50,   22.99, 1022.56,   -79.3,   41.04,C7AC
SD20,26,02,12,23,00,53,   23.50,   23.03, 1022.52,   -79.0,   41.12,4781
SD20,26,02,12,23,10,54,   23.50,   23.05, 1022.57,   -79.4,   41.40,7FA2
SD20,26,02,12,23,12,04,   23.50,   23.05, 1022.56,   -79.3,   41.35,4C23
SD20,26,02,12,23,22,05,   23.50,   23.02, 1022.59,   -79.6,   41.55,B1AA
SD20,26,02,12,23,32,05,   23.50,   22.98, 1022.67,   -80.3,   41.24,6F91
SD20,26,02,12,23,40,29,   23.25,   22.94, 1022.67,   -80.2,   41.18,3C41
SD20,26,02,12,23,43,51,   23.25,   22.94, 1022.71,   -80.5,   41.14,B564
SD20,26,02,12,23,53,53,   23.25,   22.90, 1022.60,   -79.6,   41.40,E3D6
SD20,26,02,13,00,13,52,   23.00,   22.75, 1022.45,   -78.4,   41.34,4485
SD20,26,02,13,00,23,52,   23.00,   22.69, 1022.38,   -77.9,   41.24,0F87
SD20,26,02,13,00,33,52,   22.75,   22.61, 1022.20,   -76.4,   41.43,9E9A
SD20,26,02,13,00,43,52,   22.75,   22.54, 1022.13,   -75.7,   41.29,9104
SD20,26,02,13,00,53,52,   22.75,   22.48, 1021.89,   -73.8,   41.27,9C51
SD20,26,02,13,01,03,52,   22.75,   22.41, 1021.80,   -73.0,   41.31,E610
SD20,26,02,13,01,13,52,   22.75,   22.37, 1021.65,   -71.8,   41.23,164D
SD20,26,02,13,01,23,52,   22.50,   22.32, 1021.64,   -71.7,   41.18,E92F
SD20,26,02,13,01,33,52,   22.50,   22.28, 1021.59,   -71.3,   41.42,C7F8
SD20,26,02,13,01,43,52,   22.50,   22.23, 1021.61,   -71.4,   41.20,D2A1
SD20,26,02,13,01,53,52,   22.50,   22.20, 1021.59,   -71.3,   41.20,6DE6
SD20,26,02,13,02,03,52,   22.50,   22.15, 1021.60,   -71.4,   41.22,198F
SD20,26,02,13,02,13,52,   22.50,   22.12, 1021.45,   -70.1,   41.23,08E2
SD20,26,02,13,02,23,52,   22.50,   22.08, 1021.41,   -69.8,   41.25,F8A7
SD20,26,02,13,02,33,52,   22.25,   22.05, 1021.26,   -68.5,   41.15,9C00
SD20,26,02,13,02,43,52,   22.25,   22.02, 1021.30,   -68.9,   41.28,1711
SD20,26,02,13,02,53,52,   22.25,   22.00, 1021.24,   -68.4,   41.15,A539
SD20,26,02,13,03,03,52,   22.25,   21.98, 1021.04,   -66.8,   41.19,BBF9
SD20,26,02,13,03,13,52,   22.25,   21.94, 1020.88,   -65.5,   41.15,9BE6
SD20,26,02,13,03,23,52,   22.25,   21.92, 1020.79,   -64.7,   41.17,2592
SD20,26,02,13,03,33,52,   22.25,   21.89, 1020.70,   -63.9,   41.15,E938
SD20,26,02,13,03,43,52,   22.25,   21.87, 1020.64,   -63.4,   41.19,BC56
SD20,26,02,13,03,53,52,   22.00,   21.84, 1020.41,   -61.5,   41.17,DBDC
SD20,26,02,13,04,03,52,   22.00,   21.82, 1020.35,   -61.1,   41.13,410C
SD20,26,02,13,04,13,52,   22.00,   21.81, 1020.25,   -60.2,   41.11,8A79
SD20,26,02,13,04,23,52,   22.25,   21.79, 1020.13,   -59.2,   41.09,63CC
SD20,26,02,13,04,33,52,   22.00,   21.76, 1020.09,   -58.8,   41.11,D3B6
SD20,26,02,13,04,43,52,   22.00,   21.74, 1020.02,   -58.3,   41.08,5B93
SD20,26,02,13,04,53,52,   22.00,   21.70, 1019.93,   -57.6,   41.10,11D8
SD20,26,02,13,05,03,52,   22.00,   21.68, 1019.88,   -57.2,   41.09,CF07
SD20,26,02,13,05,13,52,   22.00,   21.67, 1019.65,   -55.2,   41.06,596D
SD20,26,02,13,05,23,52,   22.00,   21.66, 1019.63,   -55.0,   41.06,7807
SD20,26,02,13,05,33,52,   22.00,   21.64, 1019.70,   -55.6,   41.07,847F
SD20,26,02,13,05,43,52,   22.00,   21.62, 1019.61,   -54.9,   41.03,A9C0
SD20,26,02,13,05,53,52,   22.00,   21.60, 1019.65,   -55.2,   41.02,66B4
SD20,26,02,13,06,03,52,   21.75,   21.58, 1019.63,   -55.1,   41.05,7DFD
SD20,26,02,13,06,13,52,   22.00,   21.56, 1019.58,   -54.6,   41.03,E9A3
SD20,26,02,13,06,23,52,   22.00,   21.53, 1019.43,   -53.4,   41.01,1C68
SD20,26,02,13,06,33,52,   21.75,   21.52, 1019.38,   -53.0,   41.03,1BF7
SD20,26,02,13,06,43,52,   21.75,   21.49, 1019.17,   -51.2,   41.03,8D54
SD20,26,02,13,06,53,52,   21.75,   21.49, 1019.10,   -50.7,   41.01,EB31
SD20,26,02,13,07,03,52,   21.75,   21.46, 1018.98,   -49.7,   41.00,35D9
SD20,26,02,13,07,13,52,   21.75,   21.45, 1018.93,   -49.3,   40.95,09BF
SD20,26,02,13,07,23,52,   21.75,   21.44, 1018.92,   -49.2,   40.96,8D65
SD20,26,02,13,07,33,52,   21.75,   21.42, 1018.81,   -48.3,   40.96,DD09
SD20,26,02,13,07,43,52,   21.75,   21.41, 1018.98,   -49.7,   40.96,58A2
SD20,26,02,13,07,53,52,   21.75,   21.40, 1018.90,   -49.0,   40.91,E1A4
SD20,26,02,13,08,03,52,   21.75,   21.39, 1018.87,   -48.7,   40.93,6BF6
SD20,26,02,13,08,13,52,   21.75,   21.38, 1018.85,   -48.6,   40.91,0A2E
SD20,26,02,13,08,23,52,   21.75,   21.43, 1018.88,   -48.8,   40.88,8F2E
SD20,26,02,13,08,33,52,   22.00,   21.53, 1018.64,   -46.9,   41.26,C613
SD20,26,02,13,08,43,52,   22.25,   21.59, 1018.70,   -47.4,   41.42,152C
SD20,26,02,13,08,53,52,   22.50,   21.77, 1018.70,   -47.3,   41.40,4EBD
SD20,26,02,13,09,03,52,   22.50,   21.94, 1018.55,   -46.1,   41.20,F4AC
SD20,26,02,13,09,13,52,   22.75,   22.03, 1018.54,   -46.0,   41.16,FDCE
SD20,26,02,13,09,23,52,   22.75,   22.13, 1018.66,   -47.0,   41.18,5B75
SD20,26,02,13,09,33,52,   23.00,   22.19, 1018.65,   -46.9,   41.08,405F
SD20,26,02,13,09,43,52,   22.75,   22.27, 1018.54,   -46.0,   41.02,A261
SD20,26,02,13,09,53,52,   22.75,   22.26, 1018.53,   -45.9,   41.08,C444
SD20,26,02,13,10,03,52,   23.00,   22.29, 1018.51,   -45.8,   41.05,6253
SD20,26,02,13,10,13,52,   23.00,   22.32, 1018.46,   -45.4,   41.12,D962
SD20,26,02,13,10,23,52,   23.00,   22.37, 1018.48,   -45.5,   41.09,257A
SD20,26,02,13,10,33,52,   23.25,   22.41, 1018.44,   -45.2,   41.03,FA81
SD20,26,02,13,10,35,06,   23.00,   22.41, 1018.50,   -45.7,   41.04,F93B
SD20,26,02,13,10,45,07,   23.00,   22.46, 1018.22,   -43.4,   41.02,3480
SD20,26,02,13,10,55,07,   23.25,   22.49, 1018.21,   -43.3,   41.00,6F1E
SD20,26,02,13,11,05,07,   23.25,   22.52, 1018.08,   -42.2,   40.97,5905
SD20,26,02,13,11,13,53,   23.25,   22.53, 1018.09,   -42.3,   40.97,1BB3
SD20,26,02,13,11,23,54,   23.25,   22.57, 1018.01,   -41.6,   41.01,0045
SD20,26,02,13,11,33,54,   23.25,   22.58, 1018.07,   -42.1,   40.96,B7F4
SD20,26,02,13,11,41,21,   23.25,   22.58, 1018.06,   -42.0,   40.92,01B2
SD20,26,02,13,11,47,11,   23.25,   22.56, 1018.01,   -41.6,   40.95,999A
SD20,26,02,13,11,57,12,   23.25,   22.54, 1017.91,   -40.8,   40.95,55B1
SD20,26,02,13,12,07,12,   23.25,   22.52, 1017.55,   -37.8,   40.93,FCB5
SD20,26,02,13,12,17,12,   23.00,   22.48, 1017.53,   -37.7,   40.97,467E
SD20,26,02,13,12,27,12,   23.00,   22.46, 1017.41,   -36.7,   40.93,481D
SD20,26,02,13,12,37,12,   23.00,   22.54, 1017.42,   -36.7,   40.88,4183
SD20,26,02,13,12,47,12,   23.25,   22.59, 1017.37,   -36.3,   40.78,E478
SD20,26,02,13,12,57,12,   23.00,   22.55, 1017.27,   -35.5,   40.71,FED8
SD20,26,02,13,13,07,12,   23.00,   22.47, 1017.14,   -34.5,   40.70,8AF4
SD20,26,02,13,13,17,12,   23.00,   22.45, 1017.08,   -33.9,   40.63,DA4B
SD20,26,02,13,13,27,12,   23.00,   22.49, 1016.98,   -33.1,   40.75,5261
SD20,26,02,13,13,37,12,   23.25,   22.63, 1016.83,   -31.8,   40.66,AD2E
SD20,26,02,13,13,47,12,   23.25,   22.64, 1016.75,   -31.2,   40.60,4161
SD20,26,02,13,13,57,12,   23.25,   22.74, 1016.71,   -30.9,   40.66,EF70
SD20,26,02,13,14,07,12,   23.25,   22.71, 1016.58,   -29.9,   40.60,9A5D
SD20,26,02,13,14,17,12,   23.25,   22.74, 1016.49,   -29.0,   40.70,7081
SD20,26,02,13,14,27,12,   23.25,   22.74, 1016.45,   -28.7,   40.81,A4BF
SD20,26,02,13,14,37,12,   23.25,   22.78, 1016.47,   -28.9,   41.05,13C8
SD20,26,02,13,14,47,12,   23.25,   22.83, 1016.36,   -27.9,   40.90,699D
SD20,26,02,13,14,57,12,   23.25,   22.77, 1016.29,   -27.4,   41.04,9A62
SD20,26,02,13,15,07,12,   23.25,   22.85, 1016.30,   -27.5,   40.90,ABF9
SD20,26,02,13,15,17,12,   23.50,   22.95, 1016.19,   -26.5,   40.97,BE64
SD20,26,02,13,15,27,12,   23.50,   22.96, 1016.20,   -26.6,   41.04,8CA2
SD20,26,02,13,15,37,12,   23.50,   22.89, 1016.07,   -25.6,   41.30,AD0C
SD20,26,02,13,15,39,42,   23.50,   22.89, 1016.12,   -25.9,   41.42,7CC6
SD20,26,02,13,15,49,43,   23.50,   22.95, 1016.01,   -25.0,   41.87,0A1F
SD20,26,02,13,15,59,43,   23.50,   22.95, 1015.98,   -24.8,   42.20,2492
SD20,26,02,13,16,09,43,   23.50,   22.81, 1015.78,   -23.1,   42.11,D263
SD20,26,02,13,16,19,43,   23.25,   22.68, 1015.79,   -23.2,   41.61,7E52
SD20,26,02,13,16,29,43,   23.00,   22.51, 1015.77,   -23.1,   41.43,D5FC
SD20,26,02,13,16,39,43,   23.00,   22.43, 1015.66,   -22.1,   41.46,33AE
SD20,26,02,13,16,49,43,   23.00,   22.38, 1015.51,   -20.9,   41.45,AC6E
SD20,26,02,13,16,59,43,   23.00,   22.48, 1015.48,   -20.6,   41.32,1D88
SD20,26,02,13,17,09,43,   23.00,   22.56, 1015.32,   -19.3,   41.44,91C9
SD20,26,02,13,17,19,43,   23.25,   22.45, 1015.38,   -19.8,   41.81,5051
SD20,26,02,13,17,29,43,   23.25,   22.37, 1015.40,   -19.9,   42.00,4A46
SD20,26,02,13,17,39,43,   23.25,   22.47, 1015.33,   -19.4,   41.92,5B9C
SD20,26,02,13,17,49,43,   23.25,   22.47, 1015.21,   -18.4,   41.86,96E3
SD20,26,02,13,17,59,43,   23.25,   22.39, 1015.27,   -18.8,   41.59,0400
SD20,26,02,13,18,09,43,   23.25,   22.32, 1015.33,   -19.3,   41.46,AC92
SD20,26,02,13,18,19,43,   23.00,   22.27, 1015.34,   -19.4,   41.40,E221
SD20,26,02,13,18,29,43,   23.50,   22.44, 1015.36,   -19.6,   41.06,184C
SD20,26,02,13,18,39,43,   23.50,   22.50, 1015.33,   -19.4,   41.23,7482
SD20,26,02,13,18,49,43,   23.50,   22.58, 1015.49,   -20.7,   41.27,E6D6
SD20,26,02,13,18,59,43,   23.50,   22.57, 1015.40,   -20.0,   41.14,0A36
SD20,26,02,13,19,09,43,   23.50,   22.46, 1015.43,   -20.2,   41.31,565E
SD20,26,02,13,19,19,43,   23.75,   22.39, 1015.43,   -20.2,   41.57,3B91
SD20,26,02,13,19,29,43,   23.50,   22.48, 1015.43,   -20.2,   41.21,1C49
SD20,26,02,13,19,39,43,   23.50,   22.41, 1015.48,   -20.6,   41.35,16D4
SD20,26,02,13,19,49,43,   23.50,   22.38, 1015.38,   -19.8,   41.35,7AA0
SD20,26,02,13,19,59,43,   23.50,   22.38, 1015.37,   -19.7,   41.31,4C84
SD20,26,02,13,20,09,43,   23.50,   22.38, 1015.40,   -20.0,   41.00,0CD5
SD20,26,02,13,20,19,43,   23.25,   22.30, 1015.46,   -20.4,   41.02,823C
SD20,26,02,13,20,29,43,   23.25,   22.22, 1015.39,   -19.9,   41.12,5551
SD20,26,02,13,20,39,43,   23.25,   22.22, 1015.32,   -19.3,   41.33,AD22
SD20,26,02,13,20,49,43,   23.25,   22.36, 1015.40,   -20.0,   41.54,680F
SD20,26,02,13,20,59,43,   23.50,   22.43, 1015.43,   -20.2,   41.63,995F
SD20,26,02,13,21,09,43,   23.50,   22.54, 1015.43,   -20.2,   41.55,5B24
SD20,26,02,13,21,19,43,   23.50,   22.61, 1015.45,   -20.4,   41.50,B4C0
SD20,26,02,13,21,29,43,   23.25,   22.63, 1015.48,   -20.6,   41.58,49A6
SD20,26,02,13,21,39,43,   23.50,   22.67, 1015.57,   -21.4,   41.63,C9C0
SD20,26,02,13,21,49,43,   23.50,   22.74, 1015.58,   -21.3,   41.57,8525
SD20,26,02,13,21,59,43,   23.25,   22.58, 1015.58,   -21.4,   40.94,C358
SD20,26,02,13,22,09,43,   23.00,   22.36, 1015.55,   -21.3,   41.10,76EF
SD20,26,02,13,22,19,43,   23.00,   22.43, 1015.56,   -21.3,   40.94,9F3D
SD20,26,02,13,22,29,43,   23.00,   22.45, 1015.66,   -22.1,   40.63,E535
SD20,26,02,13,22,39,43,   23.25,   22.42, 1015.73,   -22.7,   40.53,C65B
SD20,26,02,13,22,49,43,   23.00,   22.38, 1015.74,   -22.8,   40.68,BF04
SD20,26,02,13,22,59,43,   23.00,   22.41, 1015.62,   -21.8,   40.51,872A
SD20,26,02,13,23,09,43,   23.00,   22.31, 1015.51,   -20.9,   40.50,ECE0
SD20,26,02,13,23,19,43,   22.75,   22.24, 1015.46,   -20.4,   40.58,5275
SD20,26,02,13,23,29,43,   22.75,   22.13, 1015.49,   -20.7,   40.67,7305
SD20,26,02,13,23,39,43,   22.75,   22.05, 1015.57,   -21.4,   40.73,2FF7
SD20,26,02,13,23,49,43,   22.75,   22.11, 1015.85,   -23.7,   40.67,07FE
SD20,26,02,13,23,59,43,   22.50,   22.15, 1015.87,   -23.8,   40.57,02B3
SD20,26,02,14,00,09,43,   22.75,   22.13, 1015.97,   -24.7,   40.58,B7B6
SD20,26,02,14,00,19,43,   22.50,   22.07, 1016.06,   -25.5,   40.70,80D6
SD20,26,02,14,00,29,43,   22.50,   22.01, 1016.15,   -26.2,   40.80,0F5F
SD20,26,02,14,00,39,43,   22.50,   21.95, 1016.11,   -25.9,   40.86,7B41
SD20,26,02,14,00,49,43,   22.50,   21.89, 1016.28,   -27.3,   40.94,8492
SD20,26,02,14,00,59,43,   22.50,   21.83, 1016.38,   -28.1,   41.02,ECAA
SD20,26,02,14,01,09,43,   22.25,   21.77, 1016.41,   -28.4,   41.08,F21B
SD20,26,02,14,01,19,43,   22.25,   21.74, 1016.45,   -28.7,   41.07,096B
SD20,26,02,14,01,29,43,   22.25,   21.70, 1016.57,   -29.7,   41.14,AF95
SD20,26,02,14,01,39,43,   22.25,   21.66, 1016.67,   -30.6,   41.10,AF01
SD20,26,02,14,01,49,43,   22.25,   21.63, 1016.77,   -31.4,   41.16,FBE4
SD20,26,02,14,01,59,43,   22.25,   21.57, 1016.84,   -32.2,   41.22,64AB
SD20,26,02,14,02,09,43,   22.00,   21.55, 1016.81,   -31.7,   41.21,ABBA
SD20,26,02,14,02,19,43,   22.00,   21.51, 1016.78,   -31.4,   41.21,2A34
SD20,26,02,14,02,29,43,   22.00,   21.50, 1016.75,   -31.2,   41.19,698C
SD20,26,02,14,02,39,43,   22.00,   21.47, 1016.77,   -31.3,   41.20,86F7
SD20,26,02,14,02,49,43,   22.00,   21.44, 1016.82,   -31.8,   41.23,E02A
SD20,26,02,14,02,59,43,   22.00,   21.41, 1016.90,   -32.4,   41.22,1689
SD20,26,02,14,03,09,43,   22.00,   21.39, 1016.87,   -32.2,   41.21,ED29
SD20,26,02,14,03,19,43,   22.00,   21.34, 1016.75,   -31.2,   41.26,A632
SD20,26,02,14,03,29,43,   21.75,   21.35, 1016.73,   -31.0,   41.21,700C
SD20,26,02,14,03,39,43,   22.00,   21.32, 1016.81,   -31.7,   41.23,4A03
SD20,26,02,14,03,49,43,   21.75,   21.27, 1016.72,   -30.9,   41.25,C726
SD20,26,02,14,03,59,43,   21.75,   21.26, 1016.66,   -30.4,   41.21,97CD
SD20,26,02,14,04,09,43,   21.75,   21.22, 1016.71,   -30.9,   41.23,AE32
SD20,26,02,14,04,19,43,   21.75,   21.19, 1016.72,   -30.9,   41.22,6A58
SD20,26,02,14,04,29,43,   21.75,   21.18, 1016.71,   -30.9,   41.21,5DAD
SD20,26,02,14,04,39,43,   21.75,   21.17, 1016.86,   -32.1,   41.21,7A5E
SD20,26,02,14,04,49,43,   21.75,   21.15, 1016.96,   -32.9,   41.20,0282
SD20,26,02,14,04,59,43,   21.75,   21.12, 1016.99,   -33.1,   41.20,664C
SD20,26,02,14,05,09,43,   21.75,   21.10, 1016.95,   -32.9,   41.15,77FE
SD20,26,02,14,05,19,43,   21.75,   21.06, 1016.95,   -32.8,   41.22,200A
SD20,26,02,14,05,29,43,   21.75,   21.04, 1016.90,   -32.4,   41.18,BB5F
SD20,26,02,14,05,39,43,   21.50,   21.03, 1017.03,   -33.5,   41.18,BA68
SD20,26,02,14,05,49,43,   21.50,   21.01, 1017.08,   -33.9,   41.16,B557
SD20,26,02,14,05,59,43,   21.50,   20.99, 1017.16,   -34.6,   41.15,DFDF
SD20,26,02,14,06,09,43,   21.50,   20.96, 1017.18,   -34.7,   41.13,6DBF
SD20,26,02,14,06,19,43,   21.50,   20.95, 1017.29,   -35.7,   41.14,AFBB
SD20,26,02,14,06,29,43,   21.50,   20.92, 1017.24,   -35.3,   41.13,07C8
SD20,26,02,14,06,39,43,   21.50,   20.88, 1017.34,   -36.0,   41.15,8491
SD20,26,02,14,06,49,43,   21.50,   20.87, 1017.45,   -37.0,   41.14,06AF
SD20,26,02,14,06,59,43,   21.50,   20.84, 1017.39,   -36.5,   41.15,DE7E
SD20,26,02,14,07,09,43,   21.50,   20.83, 1017.55,   -37.8,   41.12,A69B
SD20,26,02,14,07,19,43,   21.25,   20.82, 1017.68,   -38.9,   41.08,54D1
SD20,26,02,14,07,29,43,   21.50,   20.79, 1017.84,   -40.2,   41.07,679C
SD20,26,02,14,07,39,43,   21.25,   20.77, 1018.02,   -41.7,   41.06,DF47
SD20,26,02,14,07,49,43,   21.25,   20.76, 1018.15,   -42.8,   41.03,0455
SD20,26,02,14,07,59,43,   21.25,   20.74, 1018.37,   -44.6,   41.02,8E40
SD20,26,02,14,08,09,43,   21.50,   20.72, 1018.52,   -45.8,   41.02,F7E9
SD20,26,02,14,08,19,43,   21.25,   20.72, 1018.59,   -46.4,   41.01,8E0B
SD20,26,02,14,08,29,43,   21.25,   20.70, 1018.61,   -46.6,   40.95,3846
SD20,26,02,14,08,39,43,   21.25,   20.73, 1018.78,   -48.0,   40.85,6237
SD20,26,02,14,08,49,43,   21.25,   20.79, 1018.98,   -49.7,   40.74,C9AB
SD20,26,02,14,08,59,43,   21.50,   20.82, 1018.98,   -49.7,   40.77,EE30
SD20,26,02,14,09,09,43,   21.50,   20.86, 1019.05,   -50.2,   40.74,1FE1
SD20,26,02,14,09,19,43,   21.25,   20.89, 1019.19,   -51.5,   40.76,5D48
SD20,26,02,14,09,29,43,   21.50,   20.92, 1019.34,   -52.7,   40.72,9F05
SD20,26,02,14,09,39,43,   21.50,   20.94, 1019.50,   -54.0,   40.74,DFAA
SD20,26,02,14,09,49,43,   21.50,   20.96, 1019.54,   -54.4,   40.73,FD23
SD20,26,02,14,09,59,43,   21.75,   20.93, 1019.76,   -56.2,   41.19,ED2E
SD20,26,02,14,10,09,43,   22.00,   20.98, 1019.87,   -57.1,   41.81,C5B4
SD20,26,02,14,10,19,43,   22.00,   21.07, 1019.95,   -57.8,   41.98,D5BE
SD20,26,02,14,10,29,43,   22.25,   21.16, 1020.02,   -58.3,   42.16,22E4
SD20,26,02,14,10,39,43,   22.25,   21.24, 1020.03,   -58.4,   42.32,32F1
SD20,26,02,14,10,49,43,   22.50,   21.36, 1020.18,   -59.7,   42.28,6341
SD20,26,02,14,10,59,43,   22.25,   21.41, 1020.28,   -60.5,   41.38,89AD
SD20,26,02,14,11,09,43,   22.50,   21.30, 1020.28,   -60.5,   41.32,D47D
SD20,26,02,14,11,19,43,   22.25,   21.41, 1020.38,   -61.2,   41.40,B2AD
SD20,26,02,14,11,29,43,   22.50,   21.40, 1020.36,   -61.1,   41.65,D060
SD20,26,02,14,11,39,43,   22.50,   21.40, 1020.45,   -61.9,   41.71,9A3C
SD20,26,02,14,11,49,43,   22.25,   21.32, 1020.50,   -62.2,   41.90,255E
SD20,26,02,14,11,59,43,   22.25,   21.37, 1020.38,   -61.3,   41.85,DCD6
SD20,26,02,14,12,09,43,   22.25,   21.31, 1020.41,   -61.5,   41.76,1267
SD20,26,02,14,12,19,43,   22.25,   21.29, 1020.48,   -62.1,   41.84,F467
SD20,26,02,14,12,29,43,   22.25,   21.40, 1020.41,   -61.6,   41.94,50A3
SD20,26,02,14,12,39,43,   22.25,   21.40, 1020.46,   -61.9,   41.61,C43E
SD20,26,02,14,12,49,43,   22.00,   21.40, 1020.47,   -62.0,   41.87,33F0
SD20,26,02,14,12,59,43,   22.00,   21.29, 1020.47,   -62.0,   42.08,11BD
SD20,26,02,14,13,09,43,   22.00,   21.45, 1020.41,   -61.5,   41.55,61CE
SD20,26,02,14,13,19,43,   22.25,   21.34, 1020.38,   -61.3,   41.76,AA8B
SD20,26,02,14,13,29,43,   22.25,   21.31, 1020.35,   -61.0,   42.09,3843
SD20,26,02,14,13,39,43,   22.25,   21.26, 1020.33,   -60.8,   43.03,9802
SD20,26,02,14,13,45,03,   22.25,   21.24, 1020.34,   -61.0,   43.50,344F
SD20,26,02,14,13,48,53,   22.25,   21.29, 1020.28,   -60.4,   43.41,D73B
SD20,26,02,14,13,53,23,   22.25,   21.31, 1020.33,   -60.9,   43.33,82A7
SD20,26,02,14,13,56,47,   22.25,   21.29, 1020.24,   -60.2,   43.44,E5B2
SD20,26,02,14,14,03,55,   22.25,   21.45, 1020.20,   -59.8,   43.24,92B4
SD20,26,02,14,14,13,57,   22.25,   21.40, 1020.21,   -59.9,   42.99,9F39
SD20,26,02,14,14,31,49,   22.00,   21.30, 1020.13,   -59.2,   43.08,B64F
SD20,26,02,14,14,41,51,   22.00,   21.30, 1020.12,   -59.2,   42.70,0DDB
SD20,26,02,14,14,51,51,   21.75,   21.15, 1020.04,   -58.4,   41.60,3361
SD20,26,02,14,15,11,50,   21.75,   21.06, 1019.99,   -58.0,   41.15,33D7
SD20,26,02,14,15,21,50,   21.50,   20.97, 1019.97,   -57.9,   41.27,9871
SD20,26,02,14,15,31,50,   21.50,   20.96, 1019.97,   -57.8,   41.46,753C
SD20,26,02,14,15,41,50,   22.00,   21.19, 1019.87,   -57.0,   41.41,2731
SD20,26,02,14,15,51,50,   22.50,   21.42, 1019.92,   -57.4,   41.49,EA98
SD20,26,02,14,16,01,50,   22.50,   21.54, 1019.89,   -57.2,   41.66,9D1A
SD20,26,02,14,16,11,50,   22.50,   21.70, 1019.95,   -57.7,   41.65,5A72
SD20,26,02,14,16,21,50,   22.75,   21.81, 1019.93,   -57.5,   41.70,CFB8
SD20,26,02,14,16,31,50,   22.75,   21.91, 1019.88,   -57.2,   41.69,105B
SD20,26,02,14,16,41,50,   22.50,   21.82, 1019.86,   -57.0,   41.45,555A
SD20,26,02,14,16,51,50,   22.25,   21.59, 1019.91,   -57.4,   41.11,1E30
SD20,26,02,14,17,01,50,   22.00,   21.42, 1019.94,   -57.7,   41.27,4822
SD20,26,02,14,17,11,50,   22.25,   21.45, 1019.98,   -58.0,   41.72,62FE
SD20,26,02,14,17,21,50,   22.00,   21.23, 1019.97,   -57.9,   42.17,BC4D
SD20,26,02,14,17,31,50,   21.75,   21.09, 1019.99,   -58.0,   42.22,9FDA
SD20,26,02,14,17,41,50,   21.75,   21.11, 1019.94,   -57.6,   42.48,9F61
SD20,26,02,14,17,51,50,   21.75,   20.97, 1019.91,   -57.4,   42.35,78BA
SD20,26,02,14,18,01,50,   21.50,   20.84, 1019.89,   -57.2,   42.16,3C8B
SD20,26,02,14,18,11,50,   21.25,   20.74, 1020.04,   -58.5,   41.97,91B7
SD20,26,02,14,18,21,50,   21.25,   20.67, 1020.10,   -58.9,   41.80,0B62
SD20,26,02,14,18,31,50,   21.25,   20.57, 1020.14,   -59.3,   41.64,1267
SD20,26,02,14,18,41,50,   21.00,   20.47, 1020.12,   -59.2,   41.55,D242
SD20,26,02,14,18,51,50,   21.25,   20.55, 1020.19,   -59.7,   41.84,7E01
SD20,26,02,14,19,01,50,   21.25,   20.42, 1020.38,   -61.3,   41.80,DA88
SD20,26,02,14,19,11,50,   21.25,   20.63, 1020.33,   -60.9,   41.53,CF13
SD20,26,02,14,19,21,50,   21.50,   20.72, 1020.42,   -61.6,   41.41,EE8C
SD20,26,02,14,19,31,50,   21.50,   20.75, 1020.36,   -61.1,   41.34,D49B
SD20,26,02,14,19,41,50,   21.50,   20.65, 1020.54,   -62.6,   41.47,9137
SD20,26,02,14,19,51,50,   21.50,   20.74, 1020.54,   -62.6,   41.25,F87F
SD20,26,02,14,20,01,50,   21.50,   20.77, 1020.62,   -63.2,   41.24,4C7E
SD20,26,02,14,20,11,50,   21.50,   20.79, 1020.68,   -63.7,   41.19,8D11
SD20,26,02,14,20,21,50,   21.75,   20.81, 1020.64,   -63.4,   41.21,0940
SD20,26,02,14,20,31,50,   21.75,   20.83, 1020.65,   -63.5,   41.22,0477
SD20,26,02,14,20,41,50,   21.75,   20.83, 1020.58,   -62.9,   41.23,7C69
SD20,26,02,14,20,51,50,   21.75,   20.83, 1020.60,   -63.1,   41.25,A6D3
SD20,26,02,14,21,01,50,   21.75,   20.86, 1020.72,   -64.1,   41.22,82A3
SD20,26,02,14,21,11,50,   21.75,   20.85, 1020.76,   -64.4,   41.27,67EC
SD20,26,02,14,21,21,50,   21.75,   20.87, 1020.77,   -64.5,   41.21,1DC8
SD20,26,02,14,21,31,50,   21.75,   20.87, 1020.79,   -64.7,   41.20,CA2A
SD20,26,02,14,21,41,50,   21.75,   20.86, 1020.67,   -63.7,   41.20,E859
SD20,26,02,14,21,51,50,   21.75,   20.88, 1020.63,   -63.3,   41.17,1EA7
SD20,26,02,14,22,01,50,   21.75,   20.97, 1020.78,   -64.6,   41.77,1018
SD20,26,02,14,22,11,50,   22.00,   21.10, 1020.71,   -64.0,   42.01,61FC
SD20,26,02,14,22,21,50,   22.25,   21.30, 1020.70,   -63.9,   41.86,EF0F
SD20,26,02,14,22,31,50,   22.25,   21.37, 1020.68,   -63.7,   41.91,CC1E
SD20,26,02,14,22,41,50,   22.50,   21.46, 1020.63,   -63.3,   41.84,03F1
SD20,26,02,14,22,51,50,   22.50,   21.52, 1020.56,   -62.8,   41.88,EA58
SD20,26,02,14,23,01,50,   22.50,   21.59, 1020.53,   -62.6,   41.85,10BF
SD20,26,02,14,23,11,50,   22.75,   21.74, 1020.62,   -63.3,   41.70,FDD9
SD20,26,02,14,23,21,50,   22.75,   21.78, 1020.66,   -63.6,   41.75,9557
SD20,26,02,14,23,31,50,   22.75,   21.74, 1020.65,   -63.5,   41.91,24E2
SD20,26,02,14,23,41,50,   22.50,   21.72, 1020.64,   -63.4,   41.99,841F
SD20,26,02,14,23,51,50,   22.75,   21.69, 1020.65,   -63.5,   42.19,9EE6
SD20,26,02,15,00,01,50,   22.50,   21.72, 1020.76,   -64.5,   41.99,C02E
SD20,26,02,15,00,11,50,   22.25,   21.69, 1020.68,   -63.8,   41.17,729F
SD20,26,02,15,00,21,50,   22.25,   21.62, 1020.69,   -63.8,   41.06,7964
SD20,26,02,15,00,31,50,   22.00,   21.51, 1020.52,   -62.5,   41.07,FC78
SD20,26,02,15,00,41,50,   22.00,   21.45, 1020.42,   -61.6,   41.08,B973
SD20,26,02,15,00,51,50,   22.00,   21.35, 1020.38,   -61.3,   41.13,7FC6
SD20,26,02,15,01,01,50,   21.75,   21.27, 1020.46,   -62.0,   41.17,519D
SD20,26,02,15,01,11,50,   21.75,   21.18, 1020.48,   -62.1,   41.20,1375
SD20,26,02,15,01,21,50,   21.50,   21.11, 1020.53,   -62.6,   41.23,9965
SD20,26,02,15,01,31,50,   21.50,   21.06, 1020.62,   -63.2,   41.20,3C06
SD20,26,02,15,01,41,50,   21.50,   21.00, 1020.57,   -62.9,   41.21,D20A
SD20,26,02,15,01,51,50,   21.50,   20.94, 1020.51,   -62.3,   41.21,C2B4
SD20,26,02,15,02,01,50,   21.25,   20.90, 1020.45,   -61.9,   41.18,6E5C
SD20,26,02,15,02,11,50,   21.25,   20.84, 1020.46,   -61.9,   41.22,3885
SD20,26,02,15,02,21,50,   21.25,   20.78, 1020.40,   -61.5,   41.23,FACB
SD20,26,02,15,02,31,50,   21.25,   20.74, 1020.31,   -60.8,   41.19,5EDF
SD20,26,02,15,02,41,50,   21.25,   20.70, 1020.23,   -60.1,   41.17,8704
SD20,26,02,15,02,51,50,   21.25,   20.68, 1020.16,   -59.5,   41.13,EEE2
SD20,26,02,15,03,01,50,   21.25,   20.64, 1020.16,   -59.5,   41.13,20AC
SD20,26,02,15,03,11,50,   21.00,   20.58, 1020.14,   -59.3,   41.16,1575
SD20,26,02,15,03,21,50,   21.00,   20.58, 1020.11,   -59.1,   41.12,56E8
SD20,26,02,15,03,31,50,   21.00,   20.51, 1019.99,   -58.1,   41.17,F9C6
SD20,26,02,15,03,41,50,   21.00,   20.47, 1019.88,   -57.2,   41.14,3309
SD20,26,02,15,03,51,50,   21.00,   20.46, 1019.81,   -56.5,   41.11,9CBD
SD20,26,02,15,04,01,50,   21.00,   20.41, 1019.78,   -56.3,   41.12,5E1F
SD20,26,02,15,04,11,50,   21.00,   20.37, 1019.68,   -55.5,   41.11,99D3
SD20,26,02,15,04,21,50,   20.75,   20.37, 1019.61,   -54.9,   41.05,9F30
SD20,26,02,15,04,31,50,   20.75,   20.32, 1019.62,   -55.0,   41.07,DF4D
SD20,26,02,15,04,41,50,   20.75,   20.27, 1019.53,   -54.2,   41.08,B651
SD20,26,02,15,04,51,50,   20.75,   20.27, 1019.54,   -54.4,   41.00,0266
SD20,26,02,15,05,01,50,   20.75,   20.24, 1019.50,   -54.0,   41.00,4E84
SD20,26,02,15,05,11,50,   20.75,   20.21, 1019.48,   -53.8,   40.96,9745
SD20,26,02,15,05,21,50,   20.75,   20.17, 1019.51,   -54.0,   40.97,44AC
SD20,26,02,15,05,31,50,   20.75,   20.15, 1019.63,   -55.0,   40.90,289B
SD20,26,02,15,05,41,50,   20.50,   20.11, 1019.63,   -55.1,   40.94,0955
SD20,26,02,15,05,51,50,   20.50,   20.09, 1019.66,   -55.3,   40.87,9241
SD20,26,02,15,06,01,50,   20.50,   20.08, 1019.67,   -55.4,   40.82,44E7
SD20,26,02,15,06,11,50,   20.50,   20.02, 1019.73,   -55.9,   40.86,E2D0
SD20,26,02,15,06,21,50,   20.50,   19.99, 1019.63,   -55.1,   40.80,71D1
SD20,26,02,15,06,31,50,   20.50,   19.97, 1019.52,   -54.2,   40.80,A672
SD20,26,02,15,06,41,50,   20.25,   19.94, 1019.38,   -53.0,   40.75,6E15
SD20,26,02,15,06,51,50,   20.50,   19.91, 1019.37,   -52.9,   40.76,C1EE
SD20,26,02,15,07,01,50,   20.50,   19.91, 1019.39,   -53.1,   40.71,75E5
SD20,26,02,15,07,11,50,   20.25,   19.85, 1019.44,   -53.5,   40.73,1CD3
SD20,26,02,15,07,21,50,   20.25,   19.83, 1019.44,   -53.5,   40.67,29A4
SD20,26,02,15,07,31,50,   20.25,   19.81, 1019.49,   -53.9,   40.65,5757
SD20,26,02,15,07,41,50,   20.25,   19.80, 1019.50,   -54.0,   40.58,A8F6
SD20,26,02,15,07,51,50,   20.25,   19.80, 1019.55,   -54.4,   40.53,8247
SD20,26,02,15,08,01,50,   20.25,   19.79, 1019.46,   -53.7,   40.49,F694
SD20,26,02,15,08,11,50,   20.25,   19.74, 1019.47,   -53.8,   40.48,CB9C
SD20,26,02,15,08,21,50,   20.25,   19.74, 1019.38,   -53.0,   40.38,1C37
SD20,26,02,15,08,31,50,   20.25,   19.76, 1019.33,   -52.6,   40.26,EA6D
SD20,26,02,15,08,41,50,   20.25,   19.81, 1019.32,   -52.5,   40.12,7A9D
SD20,26,02,15,08,51,50,   20.50,   19.85, 1019.22,   -51.7,   40.08,18CC
SD20,26,02,15,09,01,50,   20.50,   19.89, 1019.19,   -51.5,   40.13,10AC
SD20,26,02,15,09,11,50,   20.50,   19.93, 1019.05,   -50.2,   40.12,BA96
SD20,26,02,15,09,21,50,   20.50,   19.98, 1019.00,   -49.9,   40.11,D9DF
SD20,26,02,15,09,31,50,   20.50,   20.01, 1018.97,   -49.6,   40.07,0F3C
SD20,26,02,15,09,41,50,   20.75,   20.06, 1019.09,   -50.6,   40.05,17D6
SD20,26,02,15,09,51,50,   20.50,   20.09, 1019.02,   -50.0,   40.08,3986
SD20,26,02,15,10,01,50,   21.00,   20.26, 1019.02,   -50.0,   40.33,C6B6
SD20,26,02,15,10,11,50,   21.25,   20.32, 1018.92,   -49.2,   40.63,7271
SD20,26,02,15,10,21,50,   21.25,   20.47, 1018.92,   -49.2,   40.81,FFC7
SD20,26,02,15,10,31,50,   21.25,   20.58, 1018.89,   -49.0,   40.98,AC0D
SD20,26,02,15,10,41,50,   21.50,   20.70, 1018.92,   -49.2,   40.99,9646
SD20,26,02,15,10,51,50,   21.75,   20.82, 1018.73,   -47.6,   41.12,7372
SD20,26,02,15,11,01,50,   21.75,   20.96, 1018.67,   -47.2,   41.05,BF2E
SD20,26,02,15,11,11,50,   21.75,   21.01, 1018.65,   -46.9,   41.92,E27B
SD20,26,02,15,11,21,50,   22.00,   21.22, 1018.49,   -45.6,   40.98,82AC
SD20,26,02,15,11,31,50,   22.00,   21.34, 1018.41,   -45.0,   40.94,C4F6
SD20,26,02,15,11,38,18,   22.00,   21.38, 1018.36,   -44.6,   40.95,D312
SD20,26,02,15,11,48,20,   22.00,   21.43, 1018.20,   -43.2,   41.07,568E
SD20,26,02,15,11,58,20,   21.75,   21.28, 1018.17,   -42.9,   40.57,8434
SD20,26,02,15,12,08,20,   22.00,   21.41, 1018.00,   -41.5,   40.58,6F82
SD20,26,02,15,12,20,12,   22.00,   21.46, 1017.93,   -41.0,   40.90,207B
SD20,26,02,15,12,30,14,   22.00,   21.44, 1017.75,   -39.5,   41.13,13B0
SD20,26,02,15,12,40,14,   22.00,   21.47, 1017.53,   -37.7,   41.22,9747
SD20,26,02,15,12,50,14,   22.00,   21.47, 1017.37,   -36.3,   41.41,2A59
SD20,26,02,15,12,56,11,   22.00,   21.52, 1017.29,   -35.7,   41.33,2F93
SD20,26,02,15,13,06,13,   22.00,   21.53, 1017.10,   -34.1,   41.40,1C97
SD20,26,02,15,13,16,13,   22.00,   21.50, 1016.90,   -32.4,   41.58,4B6E
SD20,26,02,15,13,26,13,   22.25,   21.53, 1016.66,   -30.5,   41.61,472B
SD20,26,02,15,13,46,12,   22.25,   21.62, 1016.27,   -27.2,   41.64,DD2C
SD20,26,02,15,13,56,12,   22.25,   21.65, 1016.10,   -25.8,   41.59,2A7A
SD20,26,02,15,14,06,12,   22.25,   21.64, 1015.86,   -23.8,   41.77,CAA6
SD20,26,02,15,14,16,12,   22.50,   21.64, 1015.74,   -22.8,   41.79,F2EB
SD20,26,02,15,14,26,12,   22.50,   21.65, 1015.64,   -21.9,   41.84,56EF
SD20,26,02,15,14,36,12,   22.50,   21.73, 1015.54,   -21.1,   41.78,BC7C
SD20,26,02,15,14,46,12,   22.50,   21.65, 1015.36,   -19.6,   42.26,4474
SD20,26,02,15,14,56,12,   22.50,   21.65, 1015.18,   -18.2,   42.21,366A
SD20,26,02,15,15,06,12,   22.50,   21.79, 1015.12,   -17.7,   42.18,8C70
SD20,26,02,15,15,16,12,   22.50,   21.72, 1015.05,   -17.0,   41.68,21CF
SD20,26,02,15,15,26,12,   22.25,   21.74, 1014.89,   -15.8,   41.34,1F53
SD20,26,02,15,15,36,12,   22.25,   21.74, 1014.78,   -14.9,   41.16,3D4D
SD20,26,02,15,15,46,12,   22.25,   21.74, 1014.69,   -14.1,   40.91,2899
SD20,26,02,15,15,56,12,   22.25,   21.79, 1014.55,   -12.9,   40.79,2223
SD20,26,02,15,16,06,12,   22.25,   21.81, 1014.45,   -12.1,   40.64,51FE
SD20,26,02,15,16,16,12,   22.25,   21.87, 1014.27,   -10.5,   40.53,BBCD
SD20,26,02,15,16,26,12,   22.25,   21.88, 1014.15,    -9.6,   40.43,B4E3
SD20,26,02,15,16,36,12,   22.25,   21.88, 1014.02,    -8.5,   40.40,C5B5
SD20,26,02,15,16,44,13,   22.25,   21.84, 1013.97,    -8.1,   40.33,B684
SD20,26,02,15,16,54,15,   22.50,   21.91, 1013.85,    -7.1,   40.13,D29B
SD20,26,02,15,17,04,15,   22.50,   21.84, 1013.75,    -6.3,   40.84,36DB
SD20,26,02,15,17,14,15,   22.25,   21.74, 1013.61,    -5.1,   41.38,C12E
SD20,26,02,15,17,24,15,   22.50,   21.77, 1013.38,    -3.2,   41.26,629B
SD20,26,02,15,17,34,14,   22.50,   21.81, 1013.34,    -2.8,   41.25,E7C1
SD20,26,02,15,17,44,14,   22.50,   21.83, 1013.29,    -2.4,   41.33,3E3B
SD20,26,02,15,17,54,14,   22.50,   21.92, 1013.19,    -1.6,   41.34,1B0B
SD20,26,02,15,18,04,14,   22.75,   21.95, 1013.14,    -1.2,   41.31,F722
SD20,26,02,15,18,14,14,   22.75,   22.00, 1013.17,    -1.4,   41.35,7984
SD20,26,02,15,18,24,14,   22.75,   22.03, 1013.09,    -0.7,   41.40,2603
SD20,26,02,15,18,34,14,   22.50,   22.02, 1012.99,     0.1,   40.90,9286
SD20,26,02,15,18,44,14,   22.25,   21.96, 1012.93,     0.5,   40.36,5B15
SD20,26,02,15,18,54,14,   22.00,   21.83, 1012.79,     1.8,   40.22,4E6C
SD20,26,02,15,19,04,14,   22.00,   21.62, 1012.66,     2.9,   39.80,3C76
SD20,26,02,15,19,14,14,   21.75,   21.46, 1012.67,     2.8,   40.13,B106
SD20,26,02,15,19,24,14,   21.75,   21.54, 1012.58,     3.5,   41.18,C6B2
SD20,26,02,15,19,34,14,   21.75,   21.52, 1012.38,     5.2,   40.35,481A
SD20,26,02,15,19,44,14,   22.00,   21.52, 1012.31,     5.7,   40.97,4B06
SD20,26,02,15,19,54,14,   22.00,   21.59, 1012.19,     6.8,   40.94,EE18
SD20,26,02,15,20,04,14,   22.00,   21.58, 1012.10,     7.5,   40.64,95A8
SD20,26,02,15,20,14,14,   22.25,   21.69, 1012.09,     7.6,   41.84,A58A
SD20,26,02,15,20,24,14,   22.25,   21.72, 1011.86,     9.5,   41.47,1FEE
SD20,26,02,15,20,34,14,   22.25,   21.80, 1011.74,    10.5,   41.77,DABA
SD20,26,02,15,20,44,14,   22.25,   21.84, 1011.66,    11.2,   41.72,C982
SD20,26,02,15,20,54,14,   22.50,   21.91, 1011.55,    12.1,   41.66,4C74
SD20,26,02,15,21,04,14,   22.50,   21.99, 1011.46,    12.9,   41.83,BC98
SD20,26,02,15,21,14,14,   22.75,   22.03, 1011.27,    14.4,   41.81,7470
SD20,26,02,15,21,24,14,   22.50,   22.09, 1011.16,    15.4,   41.74,7830
SD20,26,02,15,21,34,14,   22.50,   21.95, 1011.14,    15.5,   41.34,FDAD
SD20,26,02,15,21,44,14,   22.50,   21.92, 1011.03,    16.4,   40.83,4B11
SD20,26,02,15,21,54,14,   23.25,   22.28, 1010.93,    17.3,   40.88,71C6
SD20,26,02,15,22,04,14,   23.50,   22.45, 1010.83,    18.1,   40.76,7A1E
SD20,26,02,15,22,14,14,   23.50,   22.50, 1010.65,    19.6,   40.81,43BD
SD20,26,02,15,22,24,14,   23.50,   22.50, 1010.53,    20.6,   40.83,F941
SD20,26,02,15,22,34,14,   23.50,   22.53, 1010.43,    21.4,   40.73,A02E
SD20,26,02,15,22,44,14,   23.25,   22.51, 1010.40,    21.7,   40.81,4705
SD20,26,02,15,22,54,14,   23.25,   22.49, 1010.28,    22.7,   40.82,0687
SD20,26,02,15,23,04,14,   23.25,   22.46, 1010.13,    23.9,   40.83,61BD
SD20,26,02,15,23,14,14,   23.25,   22.41, 1009.99,    25.1,   40.71,E312
SD20,26,02,15,23,24,14,   22.75,   22.38, 1009.99,    25.1,   40.63,425B
SD20,26,02,15,23,34,14,   22.75,   22.26, 1009.82,    26.5,   40.42,0FDF
SD20,26,02,15,23,44,14,   22.50,   22.13, 1009.67,    27.8,   40.66,ED63
SD20,26,02,15,23,54,14,   22.50,   22.00, 1009.45,    29.6,   40.72,5D10
SD20,26,02,16,00,04,14,   22.50,   21.90, 1009.24,    31.3,   41.04,4DB7
SD20,26,02,16,00,14,14,   22.25,   21.82, 1009.03,    33.1,   41.11,9790
SD20,26,02,16,00,24,14,   22.00,   21.73, 1008.76,    35.3,   40.84,BC9F
SD20,26,02,16,00,34,14,   22.25,   21.68, 1008.61,    36.6,   40.85,249A
SD20,26,02,16,00,44,14,   22.00,   21.63, 1008.43,    38.1,   40.89,2CB4
SD20,26,02,16,00,54,14,   22.00,   21.56, 1008.34,    38.9,   40.85,1681
SD20,26,02,16,01,04,14,   22.00,   21.52, 1008.14,    40.6,   41.01,AB8E
SD20,26,02,16,01,14,14,   22.00,   21.46, 1008.08,    41.0,   40.88,A665
SD20,26,02,16,01,24,14,   22.00,   21.42, 1008.11,    40.8,   40.90,9D83
SD20,26,02,16,01,34,14,   21.75,   21.39, 1007.96,    42.1,   40.86,6761
SD20,26,02,16,01,44,14,   21.75,   21.35, 1007.67,    44.5,   40.88,A053
SD20,26,02,16,01,54,14,   21.75,   21.32, 1007.53,    45.7,   40.86,68F8
SD20,26,02,16,02,04,14,   21.75,   21.29, 1007.32,    47.4,   40.80,E3DF
SD20,26,02,16,02,14,14,   21.75,   21.25, 1007.24,    48.1,   40.85,7C75
SD20,26,02,16,02,24,14,   21.75,   21.23, 1007.05,    49.7,   40.86,DD4C
SD20,26,02,16,02,34,14,   21.50,   21.18, 1006.88,    51.1,   40.81,93E1
SD20,26,02,16,02,44,14,   21.50,   21.15, 1006.60,    53.5,   40.89,56C2
SD20,26,02,16,02,54,14,   21.50,   21.11, 1006.37,    55.4,   40.79,A00D
SD20,26,02,16,03,04,14,   21.50,   21.09, 1006.18,    57.0,   40.78,F27A
SD20,26,02,16,03,14,14,   21.50,   21.06, 1006.11,    57.6,   40.78,CAD0
SD20,26,02,16,03,24,14,   21.50,   21.04, 1005.84,    59.8,   40.78,7601
SD20,26,02,16,03,34,14,   21.50,   21.01, 1005.64,    61.5,   40.78,8F16
SD20,26,02,16,03,44,14,   21.50,   20.99, 1005.47,    62.9,   40.74,3101
SD20,26,02,16,03,54,14,   21.25,   20.95, 1005.21,    65.1,   40.69,8EAA
SD20,26,02,16,04,04,14,   21.50,   20.94, 1005.02,    66.7,   40.67,EBC1
SD20,26,02,16,04,14,14,   21.25,   20.89, 1004.75,    68.9,   40.63,1AB8
SD20,26,02,16,04,24,14,   21.25,   20.88, 1004.54,    70.7,   40.66,7401
SD20,26,02,16,04,34,14,   21.25,   20.84, 1004.35,    72.3,   40.60,ACBC
SD20,26,02,16,04,44,14,   21.25,   20.82, 1004.19,    73.6,   40.58,AFFE
SD20,26,02,16,04,54,14,   21.25,   20.79, 1003.95,    75.6,   40.57,7AB2
SD20,26,02,16,05,04,14,   21.25,   20.76, 1003.76,    77.2,   40.56,1092
SD20,26,02,16,05,14,14,   21.25,   20.61, 1003.61,    78.5,   40.10,6C68
SD20,26,02,16,05,24,14,   21.00,   20.40, 1003.43,    80.0,   39.60,65DA
SD20,26,02,16,05,34,14,   20.75,   20.35, 1003.28,    81.2,   39.09,C039
SD20,26,02,16,05,44,14,   20.75,   20.25, 1003.11,    82.7,   39.08,97F5
SD20,26,02,16,05,54,14,   20.50,   20.18, 1002.86,    84.8,   39.05,B23B
SD20,26,02,16,06,04,14,   20.50,   20.10, 1002.72,    85.9,   39.07,6B25
SD20,26,02,16,06,14,14,   20.50,   20.01, 1002.61,    86.9,   39.03,5EED
SD20,26,02,16,06,24,14,   20.25,   19.95, 1002.35,    89.1,   39.00,F0D9
SD20,26,02,16,06,34,14,   20.25,   19.84, 1002.09,    91.3,   39.04,5451
SD20,26,02,16,06,44,14,   20.25,   19.80, 1001.74,    94.2,   39.01,F5FB
SD20,26,02,16,06,54,14,   20.25,   19.74, 1001.60,    95.4,   39.08,38E3
SD20,26,02,16,07,04,14,   20.00,   19.71, 1001.52,    96.0,   39.03,BD19
SD20,26,02,16,07,14,14,   20.00,   19.63, 1001.35,    97.4,   39.03,41D3
SD20,26,02,16,07,24,14,   20.00,   19.57, 1001.16,    99.0,   39.09,BA39
SD20,26,02,16,07,34,14,   20.00,   19.52, 1000.91,   101.2,   39.13,DC5D
SD20,26,02,16,07,44,14,   20.00,   19.47, 1000.83,   101.9,   39.11,19A1
SD20,26,02,16,07,54,14,   20.00,   19.43, 1000.74,   102.6,   39.16,3DC7
SD20,26,02,16,08,04,14,   19.75,   19.36, 1000.62,   103.6,   39.19,1A38
SD20,26,02,16,08,14,14,   19.75,   19.34, 1000.60,   103.8,   39.20,7472
SD20,26,02,16,08,24,14,   19.75,   19.31, 1000.47,   104.9,   39.15,3CCA
SD20,26,02,16,08,34,14,   20.00,   19.45, 1000.33,   106.1,   39.34,DD99
SD20,26,02,16,08,44,14,   20.25,   19.67, 1000.22,   107.0,   39.23,2B3A
SD20,26,02,16,08,54,14,   20.50,   19.81,  999.92,   109.5,   39.44,4205
SD20,26,02,16,09,04,14,   20.50,   19.89,  999.73,   111.1,   39.46,1E1D
SD20,26,02,16,09,14,14,   20.75,   20.02,  999.52,   112.8,   39.56,D6D7
SD20,26,02,16,09,24,14,   20.75,   20.09,  999.40,   113.9,   39.54,A946
SD20,26,02,16,09,34,14,   21.00,   20.16,  999.19,   115.7,   39.60,9DED
SD20,26,02,16,09,44,14,   21.00,   20.24,  998.90,   118.1,   39.57,E289
SD20,26,02,16,09,54,14,   21.00,   20.28,  998.79,   119.0,   39.71,6030
SD20,26,02,16,10,04,14,   21.00,   20.38,  998.77,   119.1,   39.63,8946
SD20,26,02,16,10,14,14,   21.25,   20.41,  998.40,   122.3,   39.61,9736
SD20,26,02,16,10,24,14,   21.25,   20.45,  998.18,   124.1,   40.05,962D
SD20,26,02,16,10,34,14,   21.50,   20.68,  997.97,   125.9,   40.01,61BC
SD20,26,02,16,10,44,14,   21.50,   20.84,  997.89,   126.6,   40.10,4320
SD20,26,02,16,10,54,14,   21.75,   21.08,  997.70,   128.2,   40.01,868A
SD20,26,02,16,11,04,14,   21.75,   21.20,  997.45,   130.3,   40.02,D964
SD20,26,02,16,11,14,14,   22.00,   21.34,  997.24,   132.1,   39.94,9E8A
SD20,26,02,16,11,22,05,   22.00,   21.36,  997.13,   133.0,   40.03,F5F6
SD20,26,02,16,11,32,07,   22.00,   21.42,  996.91,   134.8,   40.18,B491
SD20,26,02,16,11,52,07,   22.25,   21.48,  996.42,   139.0,   40.09,FE95
SD20,26,02,16,12,02,07,   22.00,   21.60,  996.13,   141.5,   39.86,7909
SD20,26,02,16,12,22,06,   22.25,   21.71,  995.83,   144.0,   39.86,B269
SD20,26,02,16,12,32,06,   22.25,   21.73,  995.75,   144.6,   39.74,C70C
SD20,26,02,16,12,42,06,   22.50,   21.77,  995.52,   146.6,   39.79,8103
SD20,26,02,16,12,52,06,   22.25,   21.88,  995.35,   148.1,   39.55,D2DE
SD20,26,02,16,13,02,06,   22.50,   22.00,  995.12,   149.9,   39.37,FB60
SD20,26,02,16,13,12,06,   22.50,   22.04,  994.87,   152.1,   39.23,36F8
SD20,26,02,16,13,22,06,   22.50,   21.96,  994.81,   152.6,   39.58,6CD0
SD20,26,02,16,13,32,06,   22.75,   22.09,  994.60,   154.4,   39.25,76CE
SD20,26,02,16,13,42,06,   22.50,   22.19,  994.55,   154.8,   39.09,ECE9
SD20,26,02,16,13,52,06,   22.75,   21.99,  994.47,   155.5,   39.60,D823
SD20,26,02,16,14,02,06,   22.25,   21.97,  994.35,   156.5,   38.96,CA6C
SD20,26,02,16,14,12,06,   22.25,   21.89,  994.30,   156.9,   38.94,0415
SD20,26,02,16,14,22,06,   22.25,   21.95,  994.24,   157.4,   38.96,CE08
SD20,26,02,16,14,32,06,   22.25,   21.89,  994.22,   157.6,   38.89,BD5F
SD20,26,02,16,14,42,06,   22.25,   21.96,  994.18,   158.0,   39.02,2B57
SD20,26,02,16,14,52,06,   22.00,   21.69,  994.16,   158.1,   39.27,5FA9
SD20,26,02,16,15,02,06,   22.25,   21.83,  994.10,   158.6,   39.35,23CE
SD20,26,02,16,15,12,06,   22.25,   21.90,  994.04,   159.1,   39.42,1C4A
SD20,26,02,16,15,22,06,   22.25,   21.84,  994.01,   159.3,   39.76,FC63
SD20,26,02,16,15,32,06,   22.25,   21.91,  993.88,   160.4,   40.37,BB95
SD20,26,02,16,15,42,06,   22.50,   21.92,  993.73,   161.7,   40.75,6285
SD20,26,02,16,15,52,06,   22.50,   21.91,  993.58,   163.0,   40.47,E315
SD20,26,02,16,16,02,06,   22.50,   21.99,  993.52,   163.5,   40.51,133E
SD20,26,02,16,16,12,06,   22.50,   21.98,  993.39,   164.6,   40.71,4423
SD20,26,02,16,16,22,06,   22.50,   22.07,  993.33,   165.1,   40.70,AE8C
SD20,26,02,16,16,32,06,   22.50,   22.13,  993.18,   166.4,   40.67,A0B6
SD20,26,02,16,16,42,06,   22.50,   22.12,  993.02,   167.8,   40.81,990C
SD20,26,02,16,16,52,06,   22.50,   22.08,  993.01,   167.8,   40.39,F5D7
SD20,26,02,16,17,02,06,   22.25,   22.00,  992.99,   168.0,   40.08,B42F
SD20,26,02,16,17,12,06,   22.50,   22.06,  992.89,   168.8,   40.27,4CAE
SD20,26,02,16,17,22,06,   22.50,   21.95,  992.96,   168.2,   40.11,3A80
SD20,26,02,16,17,32,06,   22.50,   21.81,  992.91,   168.7,   39.62,35FE
SD20,26,02,16,17,42,06,   22.50,   22.02,  992.87,   169.0,   39.72,690D
SD20,26,02,16,17,52,06,   22.75,   22.16,  992.81,   169.5,   39.81,919C
SD20,26,02,16,18,02,06,   22.75,   22.23,  992.77,   169.8,   40.08,4F15
SD20,26,02,16,18,12,06,   22.75,   22.29,  992.73,   170.2,   40.12,340E
SD20,26,02,16,18,22,06,   22.75,   22.27,  992.71,   170.4,   40.07,5F0D
SD20,26,02,16,18,32,06,   23.25,   22.02,  992.81,   169.5,   40.40,600F
SD20,26,02,16,18,42,06,   23.25,   21.94,  992.85,   169.2,   39.63,A133
SD20,26,02,16,18,52,06,   23.25,   22.13,  992.86,   169.1,   39.30,2C0E
SD20,26,02,16,18,53,35,   23.25,   22.07,  992.79,   169.7,   39.51,2EAA
SD20,26,02,16,19,03,35,   23.25,   22.04,  992.90,   168.8,   39.32,576A
SD20,26,02,16,19,13,35,   23.25,   22.14,  992.85,   169.1,   39.04,E0DD
SD20,26,02,16,19,23,36,   23.25,   21.95,  992.88,   168.9,   39.29,988C
SD20,26,02,16,19,43,35,   23.25,   22.06,  992.70,   170.4,   39.22,00A8
SD20,26,02,16,19,53,35,   23.25,   22.20,  992.75,   170.0,   39.29,3A31
SD20,26,02,16,20,03,35,   23.25,   22.26,  992.92,   168.6,   39.49,D1DF
SD20,26,02,16,20,13,35,   23.25,   22.22,  993.05,   167.5,   39.79,713D
SD20,26,02,16,20,23,35,   23.25,   22.23,  993.19,   166.3,   39.90,E6C3
SD20,26,02,16,20,43,35,   23.25,   22.24,  993.50,   163.7,   40.20,F3CC
SD20,26,02,16,20,53,35,   23.25,   22.27,  993.52,   163.5,   40.23,2832
SD20,26,02,16,21,03,35,   23.00,   22.27,  993.67,   162.2,   40.26,F7FF
SD20,26,02,16,21,13,35,   23.25,   22.28,  993.67,   162.3,   40.36,5212
SD20,26,02,16,21,23,35,   23.00,   22.26,  993.66,   162.3,   40.36,5535
SD20,26,02,16,21,33,35,   22.75,   22.13,  993.62,   162.7,   40.16,EFB3
SD20,26,02,16,21,43,35,   22.75,   22.11,  993.73,   161.7,   40.32,5E62
SD20,26,02,16,21,53,35,   22.75,   21.94,  993.84,   160.8,   39.53,DB2D
SD20,26,02,16,22,03,35,   22.75,   21.93,  993.99,   159.5,   39.32,0EDD
SD20,26,02,16,22,13,35,   22.75,   21.87,  994.06,   158.9,   39.22,35E0
SD20,26,02,16,22,23,35,   22.75,   21.89,  994.08,   158.8,   39.23,E7DF
SD20,26,02,16,22,33,35,   22.75,   21.78,  994.10,   158.6,   39.32,1BDB
SD20,26,02,16,22,43,35,   22.50,   21.82,  994.22,   157.6,   39.32,68F3
SD20,26,02,16,22,47,55,   22.75,   21.91,  994.22,   157.6,   39.03,169A
SD20,26,02,16,22,57,55,   22.75,   21.85,  994.22,   157.6,   39.50,16AE
SD20,26,02,16,23,07,55,   22.75,   21.92,  994.35,   156.5,   39.31,C6C4
SD20,26,02,16,23,17,56,   22.75,   21.99,  994.47,   155.4,   39.08,A4AE
SD20,26,02,16,23,37,55,   22.50,   21.88,  994.46,   155.5,   39.22,F427
SD20,26,02,16,23,47,55,   22.50,   21.77,  994.44,   155.7,   39.33,8409
SD20,26,02,16,23,57,55,   22.25,   21.68,  994.41,   156.0,   39.49,14BC
SD20,26,02,17,00,07,55,   22.25,   21.60,  994.61,   154.2,   39.56,F94E
SD20,26,02,17,00,17,55,   22.25,   21.54,  994.53,   155.0,   39.65,B969
SD20,26,02,17,00,27,55,   22.25,   21.45,  994.48,   155.4,   39.75,DCE8
SD20,26,02,17,00,47,55,   22.00,   21.35,  994.56,   154.7,   39.81,69F7
SD20,26,02,17,00,57,55,   22.00,   21.31,  994.50,   155.2,   39.83,C9DA
SD20,26,02,17,01,07,55,   22.00,   21.26,  994.48,   155.4,   39.86,9E19
SD20,26,02,17,01,17,55,   22.00,   21.20,  994.50,   155.3,   39.90,0418
SD20,26,02,17,01,27,55,   22.00,   21.16,  994.51,   155.1,   39.92,22D8
SD20,26,02,17,01,37,55,   21.75,   21.16,  994.60,   154.4,   39.85,312A
SD20,26,02,17,01,47,55,   21.75,   21.10,  994.67,   153.8,   39.90,8759
SD20,26,02,17,01,57,55,   21.75,   21.05,  994.78,   152.9,   39.94,7890
SD20,26,02,17,02,07,55,   21.75,   21.02,  994.72,   153.3,   39.93,47CD
SD20,26,02,17,02,17,55,   21.75,   20.97,  994.82,   152.5,   39.94,F3F4
SD20,26,02,17,02,27,55,   21.75,   20.94,  994.85,   152.3,   39.94,4787
SD20,26,02,17,02,47,55,   21.75,   20.90,  994.96,   151.4,   39.88,2211
SD20,26,02,17,02,57,55,   21.50,   20.85,  994.97,   151.3,   39.88,7BAE
SD20,26,02,17,03,07,55,   21.50,   20.82,  995.01,   150.9,   39.88,C643
SD20,26,02,17,03,17,55,   21.50,   20.77,  995.06,   150.5,   39.90,33C1
SD20,26,02,17,03,27,55,   21.50,   20.74,  995.17,   149.5,   39.89,A6EA
SD20,26,02,17,03,37,55,   21.50,   20.72,  995.20,   149.3,   39.86,E767
SD20,26,02,17,03,47,55,   21.50,   20.69,  995.21,   149.2,   39.86,3826
SD20,26,02,17,03,57,55,   21.50,   20.65,  995.27,   148.7,   39.87,3A8F
SD20,26,02,17,04,07,55,   21.50,   20.63,  995.33,   148.2,   39.82,9751
SD20,26,02,17,04,17,55,   21.25,   20.58,  995.33,   148.2,   39.83,BA2C
SD20,26,02,17,04,27,55,   21.25,   20.59,  995.39,   147.7,   39.80,4D8F
SD20,26,02,17,04,37,55,   21.25,   20.55,  995.39,   147.7,   39.77,B876
SD20,26,02,17,04,47,55,   21.25,   20.52,  995.36,   148.0,   39.77,5AB1
SD20,26,02,17,04,57,55,   21.25,   20.48,  995.36,   147.9,   39.74,FF21
SD20,26,02,17,05,07,55,   21.25,   20.46,  995.47,   147.0,   39.76,E014
SD20,26,02,17,05,17,55,   21.25,   20.42,  995.62,   145.8,   39.75,7235
SD20,26,02,17,05,27,55,   21.00,   20.38,  995.53,   146.5,   39.77,55C8
SD20,26,02,17,05,37,55,   21.00,   20.37,  995.59,   146.0,   39.73,8789
SD20,26,02,17,05,47,55,   21.00,   20.35,  995.65,   145.5,   39.71,9E9B
SD20,26,02,17,05,57,55,   21.00,   20.31,  995.71,   145.0,   39.69,1DBE
SD20,26,02,17,06,07,55,   21.00,   20.28,  995.75,   144.7,   39.68,5F08
SD20,26,02,17,06,17,55,   21.00,   20.24,  995.87,   143.6,   39.71,2D2E
SD20,26,02,17,06,27,55,   21.00,   20.21,  995.95,   142.9,   39.68,1FCE
SD20,26,02,17,06,37,55,   21.00,   20.19,  996.08,   141.8,   39.60,C255
SD20,26,02,17,06,57,55,   21.25,   20.55,  996.19,   141.0,   39.01,A394
SD20,26,02,17,07,07,55,   21.25,   20.39,  996.32,   139.8,   39.27,1E2D
SD20,26,02,17,07,17,55,   21.50,   20.83,  996.34,   139.7,   38.81,49D0
SD20,26,02,17,07,27,55,   21.50,   21.00,  996.49,   138.4,   38.81,FF2F
SD20,26,02,17,07,37,55,   21.75,   21.12,  996.58,   137.6,   38.72,B0A8
SD20,26,02,17,07,47,55,   21.75,   21.18,  996.68,   136.8,   38.76,CF0C
SD20,26,02,17,07,57,55,   21.75,   21.23,  996.75,   136.2,   38.78,CC80
SD20,26,02,17,08,07,55,   22.00,   21.38,  996.80,   135.8,   38.67,77F2
SD20,26,02,17,08,17,55,   22.00,   21.37,  996.89,   135.0,   38.70,B285
SD20,26,02,17,08,27,55,   22.00,   21.46,  996.93,   134.7,   38.76,74FA
SD20,26,02,17,08,37,55,   22.00,   21.26,  997.07,   133.5,   39.21,1D01
SD20,26,02,17,08,47,55,   21.75,   21.13,  997.36,   131.1,   39.20,15BE
SD20,26,02,17,08,57,55,   22.00,   21.34,  997.43,   130.5,   39.47,0A2C
SD20,26,02,17,09,07,55,   22.00,   21.41,  997.49,   130.0,   40.24,2411
SD20,26,02,17,09,17,55,   22.00,   21.34,  997.67,   128.5,   40.41,539C
SD20,26,02,17,09,27,55,   22.00,   21.28,  997.88,   126.7,   40.34,EA7D
SD20,26,02,17,09,37,55,   22.00,   21.48,  998.10,   124.8,   39.28,1FCB
SD20,26,02,17,09,47,55,   22.00,   21.46,  998.41,   122.2,   39.16,5785
SD20,26,02,17,09,57,55,   22.00,   21.57,  998.45,   121.8,   39.43,E55E
SD20,26,02,17,10,07,55,   22.25,   21.66,  998.66,   120.1,   39.45,1C22
SD20,26,02,17,10,17,55,   22.25,   21.73,  998.85,   118.5,   39.58,8954
SD20,26,02,17,10,27,55,   22.25,   21.73,  998.99,   117.3,   39.28,4E74
SD20,26,02,17,10,37,55,   22.25,   21.71,  999.25,   115.1,   39.13,FB06
SD20,26,02,17,10,47,55,   22.00,   21.68,  999.41,   113.8,   39.09,147D
SD20,26,02,17,11,07,55,   22.00,   21.60,  999.66,   111.7,   39.13,8761
SD20,26,02,17,11,17,55,   22.00,   21.57,  999.63,   111.9,   39.11,FCA4
SD20,26,02,17,11,27,55,   22.00,   21.55,  999.80,   110.3,   39.13,AD35
SD20,26,02,17,11,37,55,   22.00,   21.54,  999.89,   109.7,   39.13,F5B5
SD20,26,02,17,11,47,55,   22.00,   21.52,  999.95,   109.2,   39.17,C192
SD20,26,02,17,11,57,55,   22.00,   21.50, 1000.16,   107.5,   39.19,0A4B
SD20,26,02,17,12,07,55,   22.00,   21.48, 1000.33,   106.1,   39.07,6991
SD20,26,02,17,12,17,55,   22.00,   21.45, 1000.26,   106.7,   39.21,DA93
SD20,26,02,17,12,27,55,   22.00,   21.51, 1000.15,   107.5,   39.22,6C8F
SD20,26,02,17,12,37,55,   22.25,   21.63, 1000.24,   106.8,   39.04,385D
SD20,26,02,17,12,47,55,   22.25,   21.68, 1000.27,   106.5,   38.87,200F
SD20,26,02,17,12,57,55,   22.00,   21.74, 1000.39,   105.6,   38.64,4E67
SD20,26,02,17,13,07,55,   22.00,   21.70, 1000.40,   105.4,   38.69,209B
SD20,26,02,17,13,17,55,   22.00,   21.63, 1000.48,   104.8,   38.82,A014
SD20,26,02,17,13,27,55,   22.00,   21.57, 1000.52,   104.5,   38.91,CE91
SD20,26,02,17,13,37,55,   22.00,   21.52, 1000.63,   103.5,   38.96,81E8
SD20,26,02,17,13,47,55,   22.00,   21.49, 1000.59,   103.8,   39.03,EB02
SD20,26,02,17,13,57,55,   21.75,   21.46, 1000.57,   104.0,   39.08,70FA
SD20,26,02,17,14,07,55,   21.75,   21.44, 1000.56,   104.1,   39.09,85D5
SD20,26,02,17,14,17,55,   21.75,   21.41, 1000.57,   104.0,   39.11,91D8
SD20,26,02,17,14,27,55,   21.75,   21.41, 1000.67,   103.2,   39.12,0C9E
SD20,26,02,17,14,37,55,   21.75,   21.39, 1000.71,   102.8,   39.14,05C3
SD20,26,02,17,14,47,55,   22.00,   21.38, 1000.75,   102.5,   39.18,EEBF
SD20,26,02,17,14,57,55,   21.75,   21.35, 1000.86,   101.6,   38.98,1C49
SD20,26,02,17,15,17,55,   21.75,   21.19, 1000.88,   101.4,   38.25,A247
SD20,26,02,17,15,27,55,   22.00,   21.33, 1000.95,   100.8,   38.08,31B3
SD20,26,02,17,15,37,55,   22.00,   21.29, 1001.05,   100.0,   38.26,EA8F
SD20,26,02,17,15,47,55,   22.00,   21.38, 1001.20,    98.8,   38.34,0E46
SD20,26,02,17,15,57,55,   22.25,   21.69, 1001.19,    98.8,   38.05,1020
SD20,26,02,17,16,07,55,   22.25,   21.71, 1001.27,    98.1,   38.09,7AD1
SD20,26,02,17,16,17,55,   22.25,   21.73, 1001.35,    97.5,   38.10,6C62
SD20,26,02,17,16,27,55,   21.50,   21.16, 1001.44,    96.7,   38.36,E64E
SD20,26,02,17,16,37,55,   21.50,   21.05, 1001.50,    96.3,   38.42,B100
SD20,26,02,17,16,47,55,   21.50,   20.97, 1001.51,    96.1,   38.82,7555
SD20,26,02,17,16,57,55,   21.50,   20.98, 1001.60,    95.4,   39.07,D527
SD20,26,02,17,17,07,55,   21.50,   20.94, 1001.57,    95.6,   39.21,993E
SD20,26,02,17,17,17,55,   21.75,   21.26, 1001.58,    95.6,   39.66,5D08
SD20,26,02,17,17,27,55,   21.50,   21.28, 1001.47,    96.5,   40.48,15C7
SD20,26,02,17,17,31,49,   21.50,   21.35, 1001.51,    96.2,   40.85,6155
SD20,26,02,17,17,41,49,   21.75,   21.35, 1001.61,    95.3,   40.93,43AC
SD20,26,02,17,17,51,49,   22.00,   21.66, 1001.60,    95.4,   40.07,0B2F
SD20,26,02,17,18,01,50,   22.00,   21.69, 1001.63,    95.1,   40.09,3764
SD20,26,02,17,18,21,49,   22.25,   21.81, 1001.90,    92.8,   40.12,D6DC
SD20,26,02,17,18,31,49,   22.25,   21.84, 1001.91,    92.8,   40.20,9B33
SD20,26,02,17,18,41,49,   22.50,   21.92, 1001.93,    92.6,   40.11,B8FD
SD20,26,02,17,18,51,49,   22.50,   22.14, 1002.08,    91.3,   39.65,6499
SD20,26,02,17,19,01,49,   22.50,   22.17, 1002.17,    90.6,   39.30,97CE
SD20,26,02,17,19,11,49,   22.50,   22.14, 1002.20,    90.3,   39.25,755F
SD20,26,02,17,19,21,49,   22.50,   22.11, 1002.37,    88.9,   39.24,A60F
SD20,26,02,17,19,31,49,   22.50,   22.09, 1002.48,    87.9,   39.04,8FA6
SD20,26,02,17,19,41,49,   22.50,   22.07, 1002.58,    87.1,   39.08,850A
SD20,26,02,17,19,51,49,   22.50,   21.98, 1002.63,    86.7,   38.97,734D
SD20,26,02,17,20,01,49,   22.50,   22.04, 1002.69,    86.2,   38.95,A571
SD20,26,02,17,20,11,49,   22.75,   22.01, 1002.78,    85.4,   39.15,343B
SD20,26,02,17,20,21,49,   22.50,   22.13, 1002.88,    84.6,   39.04,2CBB
SD20,26,02,17,20,31,49,   22.75,   22.22, 1002.96,    83.9,   39.10,E7E5
SD20,26,02,17,20,41,49,   22.75,   22.28, 1003.00,    83.6,   39.14,A971
SD20,26,02,17,20,51,49,   22.75,   22.36, 1003.12,    82.6,   39.07,884C
SD20,26,02,17,21,01,49,   23.00,   22.43, 1003.16,    82.3,   39.01,8428
SD20,26,02,17,21,11,49,   23.00,   22.51, 1003.25,    81.5,   39.04,C9E3
SD20,26,02,17,21,21,49,   23.00,   22.57, 1003.39,    80.3,   38.96,5FD6
SD20,26,02,17,21,31,49,   23.25,   22.58, 1003.54,    79.1,   39.02,1A11
SD20,26,02,17,21,41,49,   23.00,   22.60, 1003.59,    78.7,   39.10,8B5C
SD20,26,02,17,21,51,49,   23.75,   22.56, 1003.66,    78.1,   39.05,0370
SD20,26,02,17,22,01,49,   24.00,   22.64, 1003.59,    78.7,   39.39,3754
SD20,26,02,17,22,11,49,   24.00,   22.64, 1003.62,    78.3,   39.50,A70F
SD20,26,02,17,22,21,49,   24.00,   22.73, 1003.74,    77.4,   39.45,D803
SD20,26,02,17,22,31,49,   24.00,   22.79, 1003.74,    77.4,   39.32,864D
SD20,26,02,17,22,41,49,   24.00,   22.87, 1003.84,    76.6,   39.38,05BC
SD20,26,02,17,22,51,49,   24.00,   22.78, 1003.91,    76.0,   39.46,52AF
SD20,26,02,17,22,59,52,   23.75,   22.76, 1003.94,    75.7,   39.58,2BB7
SD20,26,02,17,23,04,29,   23.75,   22.75, 1003.97,    75.5,   39.65,049E
SD20,26,02,17,23,07,54,   23.75,   22.69, 1003.94,    75.7,   39.77,E139
SD20,26,02,17,23,14,46,   23.75,   22.71, 1004.03,    75.0,   39.75,FA4A
SD20,26,02,17,23,21,39,   23.75,   22.72, 1004.09,    74.5,   39.72,1580
SD20,26,02,17,23,22,50,   23.75,   22.75, 1004.09,    74.5,   39.70,2BB8
SD20,26,02,17,23,31,19,   23.75,   22.74, 1004.18,    73.7,   39.75,856F
SD20,26,02,17,23,32,44,   23.75,   22.76, 1004.16,    73.9,   39.73,0F0E
SD20,26,02,17,23,42,38,   23.50,   22.67, 1004.29,    72.8,   38.64,4ED0
SD20,26,02,17,23,47,09,   23.50,   22.51, 1004.28,    72.9,   38.57,0F50
SD20,26,02,17,23,57,09,   23.25,   22.44, 1004.26,    73.0,   37.84,BBAF
SD20,26,02,18,00,07,09,   23.25,   22.41, 1004.29,    72.8,   37.64,67A4
SD20,26,02,18,00,17,10,   23.00,   22.68, 1004.37,    72.1,   37.20,AAEB
SD20,26,02,18,00,37,09,   22.75,   22.44, 1004.44,    71.6,   37.55,D8C0
SD20,26,02,18,00,47,09,   22.75,   22.31, 1004.44,    71.5,   37.65,0852
SD20,26,02,18,00,57,09,   22.50,   22.21, 1004.48,    71.2,   37.75,3B06
SD20,26,02,18,01,07,09,   22.50,   22.12, 1004.43,    71.6,   37.84,4665
SD20,26,02,18,01,17,09,   22.50,   22.01, 1004.45,    71.5,   37.89,B90E
SD20,26,02,18,01,27,09,   22.25,   21.93, 1004.44,    71.5,   37.93,74D1
SD20,26,02,18,01,47,09,   22.25,   21.78, 1004.42,    71.7,   38.07,5F09
SD20,26,02,18,01,57,09,   22.25,   21.73, 1004.50,    71.0,   38.06,49BA
SD20,26,02,18,02,07,09,   22.00,   21.68, 1004.66,    69.7,   38.06,F215
SD20,26,02,18,02,17,09,   22.00,   21.63, 1004.67,    69.6,   38.08,8E4F
SD20,26,02,18,02,27,09,   22.00,   21.57, 1004.67,    69.6,   38.14,D85D
SD20,26,02,18,02,37,09,   22.00,   21.51, 1004.68,    69.5,   38.17,8631
SD20,26,02,18,02,47,09,   22.00,   21.48, 1004.71,    69.3,   38.12,169A
SD20,26,02,18,02,57,09,   21.75,   21.41, 1004.72,    69.2,   38.16,7143
SD20,26,02,18,03,07,09,   21.75,   21.38, 1004.82,    68.3,   38.11,4106
SD20,26,02,18,03,17,09,   21.75,   21.33, 1004.88,    67.8,   38.15,F294
SD20,26,02,18,03,27,09,   21.75,   21.29, 1004.88,    67.8,   38.11,FDE0
SD20,26,02,18,03,37,09,   21.75,   21.26, 1004.89,    67.8,   38.05,72F3
SD20,26,02,18,03,47,09,   21.75,   21.23, 1004.98,    67.0,   38.00,01A8
SD20,26,02,18,03,57,09,   21.50,   21.18, 1004.98,    67.0,   38.00,A3E6
SD20,26,02,18,04,07,09,   21.50,   21.15, 1005.01,    66.8,   37.93,3372
SD20,26,02,18,04,17,09,   21.50,   21.08, 1005.00,    66.9,   38.00,C915
SD20,26,02,18,04,27,09,   21.50,   21.05, 1004.95,    67.2,   37.91,3AF0
SD20,26,02,18,04,37,09,   21.50,   21.02, 1004.99,    66.9,   37.91,7811
SD20,26,02,18,04,47,09,   21.50,   20.96, 1004.99,    66.9,   37.92,0B60
SD20,26,02,18,04,57,09,   21.25,   20.93, 1005.00,    66.8,   37.83,D005
SD20,26,02,18,05,07,09,   21.25,   20.88, 1005.11,    65.9,   37.85,B8AB
SD20,26,02,18,05,17,09,   21.25,   20.86, 1005.20,    65.1,   37.81,3CDB
SD20,26,02,18,05,27,09,   21.25,   20.82, 1005.27,    64.6,   37.83,8110
SD20,26,02,18,05,37,09,   21.25,   20.77, 1005.39,    63.6,   37.81,C854
SD20,26,02,18,05,57,09,   21.25,   20.72, 1005.54,    62.3,   37.73,46CC
SD20,26,02,18,06,07,09,   21.25,   20.68, 1005.59,    61.9,   37.76,E0F9
SD20,26,02,18,06,17,09,   21.00,   20.65, 1005.77,    60.4,   37.73,7148
SD20,26,02,18,06,27,09,   21.00,   20.60, 1005.82,    59.9,   37.69,ABA8
SD20,26,02,18,06,37,09,   21.00,   20.57, 1005.81,    60.1,   37.66,29F5
SD20,26,02,18,06,47,09,   21.00,   20.56, 1005.78,    60.3,   37.59,B34A
SD20,26,02,18,06,57,09,   21.00,   20.51, 1005.77,    60.4,   37.62,9C7E
SD20,26,02,18,07,07,09,   21.00,   20.48, 1005.82,    60.0,   37.60,4A9E
SD20,26,02,18,07,17,09,   21.00,   20.47, 1005.89,    59.4,   37.56,898D
SD20,26,02,18,07,27,09,   21.00,   20.44, 1005.96,    58.8,   37.56,12EF
SD20,26,02,18,07,37,09,   21.00,   20.42, 1006.06,    58.0,   37.50,E93F
SD20,26,02,18,07,57,09,   21.00,   20.39, 1006.23,    56.6,   37.44,7F36
SD20,26,02,18,08,07,09,   20.75,   20.36, 1006.21,    56.7,   37.42,89D7
SD20,26,02,18,08,17,09,   20.75,   20.35, 1006.28,    56.1,   37.34,9A67
SD20,26,02,18,08,27,09,   20.75,   20.32, 1006.45,    54.7,   37.33,C417
SD20,26,02,18,08,37,09,   20.75,   20.35, 1006.46,    54.6,   37.29,2CF3
SD20,26,02,18,08,47,09,   21.00,   20.40, 1006.49,    54.4,   37.24,31A6
SD20,26,02,18,08,57,09,   21.00,   20.50, 1006.52,    54.1,   37.56,20AC
SD20,26,02,18,09,07,09,   21.25,   20.63, 1006.47,    54.6,   37.46,D320
SD20,26,02,18,09,17,09,   21.50,   20.74, 1006.63,    53.2,   37.82,9495
SD20,26,02,18,09,27,09,   21.75,   20.98, 1006.83,    51.5,   37.61,D77F
SD20,26,02,18,09,37,09,   22.00,   20.92, 1006.89,    51.0,   37.88,05BD
SD20,26,02,18,09,47,09,   22.25,   21.14, 1006.94,    50.6,   37.67,E435
SD20,26,02,18,10,07,09,   22.50,   21.34, 1007.02,    49.9,   37.80,9207
SD20,26,02,18,10,17,09,   22.50,   21.53, 1007.04,    49.8,   37.61,5F15
SD20,26,02,18,10,27,09,   22.50,   21.44, 1007.06,    49.6,   37.96,E5D5
SD20,26,02,18,10,37,09,   22.50,   21.58, 1007.13,    49.0,   37.28,B816
SD20,26,02,18,10,47,09,   22.25,   21.41, 1007.20,    48.4,   36.87,95E6
SD20,26,02,18,10,57,09,   22.50,   21.52, 1007.15,    48.8,   37.65,C7FC
SD20,26,02,18,11,07,09,   22.75,   21.67, 1007.17,    48.6,   37.42,D189
SD20,26,02,18,11,17,09,   22.75,   21.78, 1007.17,    48.7,   37.46,8D4F
SD20,26,02,18,11,27,09,   22.75,   21.88, 1007.23,    48.1,   37.45,2A2F
SD20,26,02,18,11,37,09,   22.75,   21.83, 1007.31,    47.5,   37.70,10A0
SD20,26,02,18,11,47,09,   22.75,   21.94, 1007.32,    47.4,   37.63,C2C8
SD20,26,02,18,12,07,09,   22.75,   21.97, 1007.30,    47.6,   37.55,7A28
SD20,26,02,18,12,17,09,   22.75,   22.02, 1007.25,    48.0,   34.61,EA02
SD20,26,02,18,12,27,09,   22.50,   21.87, 1007.29,    47.7,   34.61,0EE2
SD20,26,02,18,12,37,09,   22.50,   21.88, 1007.37,    47.0,   34.73,E2BC
SD20,26,02,18,12,47,09,   22.75,   21.93, 1007.39,    46.8,   35.31,2CCA
SD20,26,02,18,12,57,09,   22.75,   22.02, 1007.47,    46.2,   35.80,FA1C
SD20,26,02,18,13,06,53,   22.75,   22.02, 1007.47,    46.1,   36.35,4E11
SD20,26,02,18,13,16,53,   22.50,   21.67, 1007.47,    46.2,   36.17,AFCF
SD20,26,02,18,13,26,53,   22.00,   21.35, 1007.52,    45.7,   37.33,7B01
SD20,26,02,18,13,27,21,   22.00,   21.33, 1007.57,    45.4,   37.34,5673
SD20,26,02,18,13,37,21,   22.25,   21.49, 1007.57,    45.3,   39.03,0675
SD20,26,02,18,13,39,57,   22.25,   21.45, 1007.61,    45.0,   39.45,193B
SD20,26,02,18,13,48,32,    0.21,   21.42, 1007.63,    44.8,   35.08,FF21
SD20,26,02,18,13,54,51,    0.22,   21.53, 1007.61,    45.0,   35.64,C60A
SD20,26,02,18,14,04,51,    0.22,   21.66, 1007.64,    44.7,   36.49,7D70
SD20,26,02,18,14,14,51,    0.22,   21.76, 1007.60,    45.1,   36.96,0028
SD20,26,02,18,14,16,40,    0.22,   21.75, 1007.66,    44.6,   37.06,E778
SD20,26,02,18,14,26,40,    0.22,   21.77, 1007.63,    44.8,   37.58,A2FA
SD20,26,02,18,14,36,40,    0.22,   21.84, 1007.64,    44.8,   37.67,5150
SD20,26,02,18,14,46,41,    0.22,   21.83, 1007.65,    44.7,   37.89,25B4
SD20,26,02,18,15,01,59,    0.22,   21.85, 1007.71,    44.2,   38.33,C331
SD20,26,02,18,15,07,37,    0.22,   21.86, 1007.72,    43.8,   38.19,6599
SD20,26,02,18,15,17,37,    0.22,   21.82, 1007.81,    43.3,   38.26,D928
SD20,26,02,18,15,19,24,    0.22,   21.81, 1007.78,    43.5,   38.27,0678
SD20,26,02,18,15,29,24,    0.22,   21.76, 1007.92,    42.4,   38.60,521A
SD20,26,02,18,15,39,24,    0.22,   21.75, 1007.97,    42.0,   38.53,A959
SD20,26,02,18,15,49,25,    0.22,   21.85, 1007.94,    42.2,   38.37,5E64
SD20,26,02,18,15,58,35,    0.22,   21.95, 1007.99,    41.8,   38.31,D267
SD20,26,02,18,16,08,35,    0.22,   21.91, 1008.09,    41.0,   38.37,C5A4
SD20,26,02,18,16,18,35,    0.22,   21.90, 1008.14,    40.5,   38.43,7F38
SD20,26,02,18,16,28,36,    0.22,   21.91, 1008.13,    40.6,   38.36,8FCA
SD20,26,02,18,16,33,05,    0.22,   21.87, 1008.16,    40.4,   38.45,9F90
SD20,26,02,18,16,43,05,    0.22,   21.72, 1008.18,    40.2,   38.82,3B41
SD20,26,02,18,16,45,33,    0.22,   21.69, 1008.21,    39.9,   38.87,F735
SD20,26,02,18,16,54,22,    0.22,   21.75, 1008.32,    39.3,   38.82,FDEB
SD20,26,02,18,17,04,22,    0.22,   21.73, 1008.46,    37.9,   38.84,C679
SD20,26,02,18,17,13,20,    0.22,   22.92, 1008.51,    37.5,   37.24,1F25
SD20,26,02,18,17,23,20,    0.22,   21.93, 1008.54,    37.2,   38.38,15FA
SD20,26,02,18,17,33,20,    0.22,   21.84, 1008.57,    36.9,   38.59,EA35
SD20,26,02,18,17,43,21,    0.22,   21.79, 1008.68,    36.0,   38.71,AF55
SD20,26,02,18,17,50,49,    0.22,   21.69, 1008.78,    35.2,   38.84,EC55
SD20,26,02,18,18,00,49,    0.22,   21.84, 1008.85,    34.6,   38.66,723F
SD20,26,02,18,18,03,47,    0.22,   21.82, 1008.89,    34.3,   38.74,7642
SD20,26,02,18,18,08,02,    0.22,   21.80, 1008.92,    34.0,   38.76,5B69
SD20,26,02,18,18,18,02,    0.22,   21.82, 1009.07,    32.8,   38.59,21B8
SD20,26,02,18,18,28,02,    0.22,   21.87, 1009.20,    31.7,   38.58,AA43
SD20,26,02,18,18,29,38,    0.22,   21.81, 1009.16,    32.0,   38.62,9200
SD20,26,02,18,18,32,33,    0.22,   21.81, 1009.24,    31.3,   38.67,777F
SD20,26,02,18,18,42,33,    0.22,   21.80, 1009.35,    30.4,   38.61,6CDC
SD20,26,02,18,18,43,54,    0.22,   21.76, 1009.35,    30.3,   38.64,C2B9
SD20,26,02,18,18,45,48,    0.22,   21.81, 1009.35,    30.4,   38.60,2D7D
SD20,26,02,18,18,46,54,    0.22,   21.82, 1009.34,    30.5,   38.58,C533
SD20,26,02,18,18,48,26,    0.22,   21.87, 1009.35,    30.4,   38.56,C95F
SD20,26,02,18,18,53,37,    0.22,   21.81, 1009.43,    29.8,   38.69,36C6
SD20,26,02,18,19,00,05,    0.22,   21.81, 1009.41,    29.9,   38.59,84A6
SD20,26,02,18,19,01,45,    0.22,   21.78, 1009.42,    29.9,   38.60,C0BE
SD20,26,02,18,19,03,06,    0.22,   21.78, 1009.42,    29.8,   38.66,4B5D
SD20,26,02,18,19,07,32,    0.22,   21.81, 1009.46,    29.5,   38.51,6773
SD20,26,02,18,19,08,46,    0.22,   21.82, 1009.46,    29.5,   38.50,0AB5
SD20,26,02,18,19,11,15,    0.22,   21.84, 1009.47,    29.4,   38.46,8A7B
SD20,26,02,18,19,13,51,    0.22,   21.89, 1009.46,    29.5,   38.40,810D
SD20,26,02,18,19,23,51,    0.22,   21.78, 1009.49,    29.2,   37.66,77F9
SD20,26,02,18,19,27,38,    0.22,   21.75, 1009.55,    28.8,   37.61,3691
SD20,26,02,18,19,37,38,    0.22,   21.77, 1009.63,    28.1,   37.62,7F0A
SD20,26,02,18,19,47,38,    0.22,   21.57, 1009.76,    27.0,   37.92,A3EF
SD20,26,02,18,19,48,15,    0.22,   21.56, 1009.77,    27.0,   37.94,20D2
SD20,26,02,18,19,58,15,    0.21,   21.44, 1009.89,    25.9,   37.91,68CE
SD20,26,02,18,20,00,32,    0.21,   21.42, 1009.88,    26.1,   37.99,EDD8
SD20,26,02,18,20,05,31,    0.22,   21.57, 1009.92,    25.7,   37.81,441E
SD20,26,02,18,20,15,31,    0.22,   21.60, 1010.05,    24.6,   38.27,A4A2
SD20,26,02,18,20,25,31,    0.22,   21.58, 1010.05,    24.6,   38.28,94FF
SD20,26,02,18,20,35,32,    0.22,   21.63, 1010.17,    23.6,   38.65,A572
SD20,26,02,18,20,55,31,    0.22,   21.69, 1010.37,    21.9,   39.20,5F18
SD20,26,02,18,21,05,31,    0.22,   21.80, 1010.51,    20.7,   39.05,0AA1
SD20,26,02,18,21,15,31,    0.22,   21.69, 1010.51,    20.8,   39.52,CE0D
SD20,26,02,18,21,25,31,    0.22,   21.69, 1010.63,    19.8,   39.62,9D0F
SD20,26,02,18,21,35,31,    0.22,   21.84, 1010.67,    19.4,   39.40,7E0B
SD20,26,02,18,21,45,31,    0.22,   21.96, 1010.67,    19.4,   39.13,F522
SD20,26,02,18,21,55,31,    0.22,   22.07, 1010.74,    18.9,   39.07,F5AE
SD20,26,02,18,22,05,31,    0.22,   22.00, 1010.75,    18.8,   38.89,0FE0
SD20,26,02,18,22,15,31,    0.22,   21.94, 1010.78,    18.5,   37.99,35CA
SD20,26,02,18,22,25,31,    0.22,   21.93, 1010.81,    18.2,   38.18,9387
SD20,26,02,18,22,35,31,    0.22,   21.93, 1010.87,    17.8,   38.39,F460
SD20,26,02,18,22,45,31,    0.22,   21.98, 1010.98,    16.9,   38.31,3B11
SD20,26,02,18,22,55,31,    0.22,   21.96, 1011.05,    16.3,   38.41,2C43
SD20,26,02,18,23,05,31,    0.22,   22.03, 1011.16,    15.3,   38.36,1790
SD20,26,02,18,23,15,31,    0.22,   22.05, 1011.26,    14.5,   38.34,ED3B
SD20,26,02,18,23,25,31,    0.22,   22.00, 1011.35,    13.8,   38.40,014C
SD20,26,02,18,23,35,31,    0.22,   21.99, 1011.48,    12.6,   38.36,864A
SD20,26,02,18,23,45,31,    0.22,   21.95, 1011.63,    11.4,   38.38,5BA6
SD20,26,02,18,23,55,31,    0.22,   21.80, 1011.65,    11.3,   38.33,5D3A
SD20,26,02,19,00,05,31,    0.22,   21.94, 1011.74,    10.5,   37.49,503D
SD20,26,02,19,00,15,31,    0.22,   21.88, 1011.78,    10.1,   37.54,6223
SD20,26,02,19,00,25,31,    0.22,   21.79, 1011.87,     9.4,   37.57,F551
SD20,26,02,19,00,35,31,    0.22,   21.70, 1011.93,     8.9,   37.67,829A
SD20,26,02,19,00,45,31,    0.22,   21.60, 1012.09,     7.6,   37.76,6BDF
SD20,26,02,19,00,55,31,    0.22,   21.51, 1012.12,     7.4,   37.85,2B20
SD20,26,02,19,01,05,31,    0.21,   21.43, 1012.22,     6.5,   37.88,A171
SD20,26,02,19,01,15,31,    0.21,   21.38, 1012.33,     5.5,   37.90,BDFA
SD20,26,02,19,01,25,31,    0.21,   21.32, 1012.41,     4.9,   37.94,6FDD
SD20,26,02,19,01,35,31,    0.21,   21.26, 1012.50,     4.2,   37.94,EB7B
SD20,26,02,19,01,45,31,    0.21,   21.12, 1012.53,     4.0,   38.07,9E84
SD20,26,02,19,01,55,31,    0.21,   21.11, 1012.62,     3.1,   37.99,4A52
SD20,26,02,19,02,05,31,    0.21,   21.08, 1012.65,     2.9,   37.98,DD02
SD20,26,02,19,02,15,31,    0.21,   21.02, 1012.79,     1.8,   38.01,77D4
SD20,26,02,19,02,25,31,    0.21,   20.95, 1012.76,     2.0,   38.05,C55F
SD20,26,02,19,02,35,31,    0.21,   20.93, 1012.79,     1.7,   37.99,EE87
SD20,26,02,19,02,45,31,    0.21,   20.86, 1012.89,     0.9,   38.06,1244
SD20,26,02,19,02,55,31,    0.21,   20.84, 1012.99,     0.1,   38.05,85F1
SD20,26,02,19,03,05,31,    0.21,   20.79, 1013.01,    -0.1,   38.06,3632
SD20,26,02,19,03,15,31,    0.21,   20.76, 1013.08,    -0.7,   38.08,2D97
SD20,26,02,19,03,25,31,    0.21,   20.73, 1013.10,    -0.8,   38.01,BBFB
SD20,26,02,19,03,35,31,    0.21,   20.66, 1013.15,    -1.3,   38.11,BED2
SD20,26,02,19,03,45,31,    0.21,   20.64, 1013.15,    -1.2,   38.05,A1FA
SD20,26,02,19,04,05,31,    0.21,   20.57, 1013.10,    -0.8,   38.03,2B2D
SD20,26,02,19,04,15,31,    0.21,   20.54, 1013.18,    -1.5,   37.99,A9AC
SD20,26,02,19,04,25,31,    0.21,   20.49, 1013.35,    -2.9,   38.05,FF8E
SD20,26,02,19,04,35,31,    0.21,   20.46, 1013.25,    -2.1,   38.02,5035
SD20,26,02,19,04,45,31,    0.21,   20.43, 1013.28,    -2.4,   37.99,6E0A
SD20,26,02,19,04,55,31,    0.21,   20.38, 1013.24,    -2.0,   37.97,FAC5
SD20,26,02,19,05,05,31,    0.21,   20.37, 1013.19,    -1.6,   37.97,3B2C
SD20,26,02,19,05,15,31,    0.20,   20.32, 1013.17,    -1.4,   37.97,3879
SD20,26,02,19,05,25,31,    0.20,   20.28, 1013.18,    -1.5,   37.95,7042
SD20,26,02,19,05,35,31,    0.20,   20.28, 1013.17,    -1.4,   37.90,262D
SD20,26,02,19,05,45,31,    0.20,   20.24, 1013.25,    -2.1,   37.89,2127
SD20,26,02,19,05,55,31,    0.20,   20.20, 1013.40,    -3.3,   37.88,7F47
SD20,26,02,19,06,05,31,    0.20,   20.19, 1013.42,    -3.5,   37.83,E084
SD20,26,02,19,06,15,31,    0.20,   20.18, 1013.44,    -3.7,   37.83,4908
SD20,26,02,19,06,25,31,    0.20,   20.11, 1013.50,    -4.2,   37.84,5B07
SD20,26,02,19,06,35,31,    0.20,   20.11, 1013.46,    -3.9,   37.80,AB90
SD20,26,02,19,06,45,31,    0.20,   20.09, 1013.52,    -4.4,   37.76,FC05
SD20,26,02,19,06,55,31,    0.20,   20.08, 1013.67,    -5.6,   37.71,B993
SD20,26,02,19,07,05,31,    0.20,   20.03, 1013.79,    -6.5,   37.70,D4A6
SD20,26,02,19,07,15,31,    0.20,   19.99, 1013.75,    -6.3,   37.74,B43C
SD20,26,02,19,07,25,31,    0.20,   20.02, 1013.89,    -7.4,   37.61,F37B
SD20,26,02,19,07,35,31,    0.20,   20.00, 1013.95,    -7.9,   37.60,E0D7
SD20,26,02,19,07,45,31,    0.20,   19.96, 1013.96,    -8.0,   37.56,4D99
SD20,26,02,19,07,55,31,    0.20,   19.95, 1014.02,    -8.5,   37.53,9946
SD20,26,02,19,08,15,31,    0.20,   19.89, 1014.10,    -9.1,   37.50,CA8C
SD20,26,02,19,08,25,31,    0.20,   19.88, 1014.16,    -9.6,   37.38,59E1
SD20,26,02,19,08,35,31,    0.20,   19.92, 1014.31,   -10.9,   37.26,3264
SD20,26,02,19,08,45,31,    0.20,   20.01, 1014.42,   -11.9,   37.12,0D23
SD20,26,02,19,08,55,31,    0.20,   20.04, 1014.50,   -12.5,   37.16,0475
SD20,26,02,19,09,05,31,    0.20,   20.10, 1014.67,   -13.9,   37.13,9B8E
SD20,26,02,19,09,15,31,    0.20,   20.13, 1014.75,   -14.6,   37.18,FDA7
SD20,26,02,19,09,25,31,    0.21,   20.16, 1014.80,   -15.0,   37.67,D204
SD20,26,02,19,09,33,24,    0.21,   20.40, 1014.81,   -15.1,   37.94,6046
SD20,26,02,19,09,43,24,    0.21,   20.46, 1014.88,   -15.6,   37.78,50F3
SD20,26,02,19,09,53,24,    0.21,   20.69, 1015.00,   -16.6,   37.52,5A53
SD20,26,02,19,10,03,40,    0.21,   20.67, 1015.13,   -17.8,   37.70,0A24
SD20,26,02,19,10,08,35,    0.21,   20.87, 1015.14,   -17.8,   37.40,7E11
SD20,26,02,19,10,18,35,    0.22,   20.93, 1015.11,   -17.6,   37.48,C4A6
SD20,26,02,19,10,24,16,    0.22,   21.02, 1015.10,   -17.5,   37.25,304D
SD20,26,02,19,10,25,44,    0.22,   21.05, 1015.06,   -17.2,   37.24,58F8
SD20,26,02,19,10,35,44,    0.22,   21.01, 1015.06,   -17.1,   37.35,938B
SD20,26,02,19,10,45,44,    0.22,   21.09, 1015.13,   -17.7,   37.33,C4FF
SD20,26,02,19,10,55,45,    0.22,   21.21, 1015.13,   -17.7,   37.08,2D2D
SD20,26,02,19,11,15,44,    0.22,   21.43, 1015.21,   -18.4,   36.90,A8ED
SD20,26,02,19,11,25,44,    0.22,   21.16, 1015.18,   -18.2,   36.99,E75B
SD20,26,02,19,11,34,22,    0.22,   21.27, 1015.15,   -17.9,   37.05,BCDE
SD20,26,02,19,11,44,22,    0.22,   21.03, 1015.10,   -17.5,   36.89,C648
SD20,26,02,19,11,53,40,    0.22,   21.16, 1015.09,   -17.4,   36.74,FD42
SD20,26,02,19,11,56,04,    0.22,   21.26, 1015.14,   -17.8,   36.59,4104
SD20,26,02,19,12,06,04,    0.22,   21.10, 1015.18,   -18.1,   36.76,3336
SD20,26,02,19,12,16,04,    0.22,   21.24, 1015.12,   -17.7,   36.26,9216
SD20,26,02,19,12,26,05,    0.22,   21.12, 1015.07,   -17.3,   36.39,CA96
SD20,26,02,19,12,46,04,    0.22,   21.35, 1015.03,   -16.9,   36.54,3BDF
SD20,26,02,19,12,56,04,    0.22,   21.38, 1014.97,   -16.4,   36.58,4CCC
SD20,26,02,19,13,06,04,    0.22,   21.36, 1014.79,   -14.9,   36.25,32F6
SD20,26,02,19,13,16,04,    0.22,   21.22, 1014.73,   -14.4,   36.38,3052
SD20,26,02,19,13,26,04,    0.22,   21.41, 1014.63,   -13.6,   36.15,6CFF
SD20,26,02,19,13,36,04,    0.22,   21.33, 1014.63,   -13.6,   36.25,BF6C
SD20,26,02,19,13,46,04,    0.22,   21.30, 1014.60,   -13.3,   36.06,9FF7
SD20,26,02,19,13,56,04,    0.22,   21.44, 1014.51,   -12.5,   35.98,AB71
SD20,26,02,19,14,06,04,    0.22,   21.42, 1014.56,   -13.0,   35.81,BAB2
SD20,26,02,19,14,16,04,    0.22,   21.52, 1014.52,   -12.6,   35.70,8A85
SD20,26,02,19,14,26,04,    0.22,   21.40, 1014.53,   -12.7,   35.52,5B1A
SD20,26,02,19,14,36,04,    0.22,   21.42, 1014.55,   -12.9,   35.80,2467
SD20,26,02,19,14,46,04,    0.22,   21.33, 1014.57,   -13.0,   36.06,9FB3
SD20,26,02,19,14,56,04,    0.22,   21.58, 1014.52,   -12.7,   35.79,EF83
SD20,26,02,19,15,06,04,    0.22,   21.53, 1014.50,   -12.5,   35.78,2BD9
SD20,26,02,19,15,16,04,    0.22,   21.59, 1014.39,   -11.6,   35.08,0F23
SD20,26,02,19,15,26,04,    0.22,   21.67, 1014.37,   -11.4,   36.36,197B
SD20,26,02,19,15,36,04,    0.22,   21.49, 1014.37,   -11.4,   35.93,6C11
SD20,26,02,19,15,46,04,    0.22,   21.47, 1014.33,   -11.1,   35.71,7609
SD20,26,02,19,15,56,04,    0.22,   21.46, 1014.29,   -10.8,   35.06,E216
SD20,26,02,19,16,06,04,    0.22,   21.32, 1014.31,   -10.9,   35.76,DE9D
SD20,26,02,19,16,16,04,    0.22,   21.40, 1014.32,   -10.9,   35.28,C274
SD20,26,02,19,16,26,04,    0.22,   21.52, 1014.31,   -10.9,   35.61,CE9E
SD20,26,02,19,16,36,04,    0.22,   21.48, 1014.36,   -11.3,   35.88,EB16
SD20,26,02,19,16,46,04,    0.22,   21.44, 1014.38,   -11.5,   35.92,0B5E
SD20,26,02,19,16,56,04,    0.22,   21.50, 1014.39,   -11.6,   35.91,ADD3
SD20,26,02,19,17,06,04,    0.22,   21.59, 1014.39,   -11.6,   35.92,35D3
SD20,26,02,19,17,16,04,    0.23,   21.69, 1014.37,   -11.4,   36.18,8602
SD20,26,02,19,17,26,04,    0.22,   21.51, 1014.39,   -11.6,   33.46,09F2
SD20,26,02,19,17,36,04,    0.22,   21.68, 1014.31,   -10.9,   33.18,EA87
SD20,26,02,19,17,46,04,    0.22,   21.62, 1014.25,   -10.4,   34.22,D830
SD20,26,02,19,18,06,04,    0.22,   21.80, 1014.30,   -10.8,   35.15,59AF
SD20,26,02,19,18,16,04,    0.22,   21.87, 1014.33,   -11.1,   35.45,65AD
SD20,26,02,19,18,26,04,    0.23,   21.97, 1014.37,   -11.4,   35.63,DFB8
SD20,26,02,19,18,36,04,    0.22,   21.96, 1014.36,   -11.3,   35.49,1213
SD20,26,02,19,18,46,04,    0.22,   21.95, 1014.35,   -11.2,   35.65,73F1
SD20,26,02,19,18,56,04,    0.22,   22.00, 1014.47,   -12.3,   35.87,96DB
SD20,26,02,19,19,06,04,    0.22,   22.03, 1014.43,   -11.9,   35.96,42E7
SD20,26,02,19,19,16,04,    0.22,   22.02, 1014.51,   -12.6,   36.09,6C09
SD20,26,02,19,19,26,04,    0.22,   22.00, 1014.46,   -12.1,   36.00,9FBB
SD20,26,02,19,19,36,04,    0.22,   21.95, 1014.51,   -12.6,   35.80,41D9
SD20,26,02,19,19,46,04,    0.22,   21.72, 1014.55,   -12.9,   35.50,1F45
SD20,26,02,19,19,56,04,    0.22,   21.80, 1014.61,   -13.4,   35.39,0352
SD20,26,02,19,20,06,04,    0.22,   21.59, 1014.59,   -13.2,   35.54,C6FC
SD20,26,02,19,20,16,04,    0.22,   21.75, 1014.59,   -13.2,   35.34,263D
SD20,26,02,19,20,26,04,    0.22,   21.76, 1014.62,   -13.5,   35.68,E1D4
SD20,26,02,19,20,36,04,    0.22,   21.76, 1014.60,   -13.4,   35.78,21B8
SD20,26,02,19,20,46,04,    0.22,   21.78, 1014.63,   -13.6,   35.86,E859
SD20,26,02,19,20,56,04,    0.22,   21.77, 1014.74,   -14.5,   35.84,2072
SD20,26,02,19,21,06,04,    0.22,   21.84, 1014.67,   -13.9,   35.73,9BFA
SD20,26,02,19,21,16,04,    0.22,   21.83, 1014.76,   -14.6,   35.78,50FD
SD20,26,02,19,21,26,04,    0.22,   21.94, 1014.81,   -15.0,   35.57,E3A1
SD20,26,02,19,21,36,04,    0.22,   21.93, 1014.77,   -14.7,   35.64,4EA3
SD20,26,02,19,21,46,04,    0.22,   21.94, 1014.83,   -15.2,   35.56,924E
SD20,26,02,19,21,56,04,    0.22,   21.91, 1014.83,   -15.2,   35.65,D923
SD20,26,02,19,22,16,04,    0.22,   21.90, 1014.88,   -15.7,   35.19,0292
SD20,26,02,19,22,26,04,    0.22,   21.83, 1014.87,   -15.6,   35.37,6695
SD20,26,02,19,22,36,04,    0.22,   21.81, 1014.80,   -15.0,   35.92,92D2
SD20,26,02,19,22,46,04,    0.22,   21.82, 1014.90,   -15.8,   36.21,62A9
SD20,26,02,19,22,56,04,    0.22,   21.84, 1014.85,   -15.4,   36.32,83EF
SD20,26,02,19,23,06,04,    0.22,   21.85, 1014.81,   -15.1,   36.42,6339
SD20,26,02,19,23,16,04,    0.23,   21.96, 1014.85,   -15.4,   36.20,40C5
SD20,26,02,19,23,26,04,    0.23,   22.00, 1014.84,   -15.3,   36.33,5A06
SD20,26,02,19,23,36,04,    0.23,   22.04, 1014.82,   -15.1,   36.36,0F62
SD20,26,02,19,23,46,04,    0.23,   22.26, 1014.93,   -16.1,   36.04,311B
SD20,26,02,19,23,56,04,    0.23,   22.31, 1014.91,   -15.9,   36.36,B7F8
SD20,26,02,20,00,06,04,    0.23,   22.17, 1014.96,   -16.3,   35.73,1D51
SD20,26,02,20,00,16,04,    0.22,   22.06, 1015.02,   -16.8,   35.37,2777
SD20,26,02,20,00,26,04,    0.22,   21.84, 1014.96,   -16.3,   35.15,C20C
SD20,26,02,20,00,36,04,    0.22,   21.71, 1014.95,   -16.2,   35.29,6866
SD20,26,02,20,00,46,04,    0.22,   21.60, 1014.89,   -15.8,   35.48,AE6D
SD20,26,02,20,00,56,04,    0.22,   21.46, 1015.01,   -16.7,   35.62,28CF
SD20,26,02,20,01,06,04,    0.22,   21.36, 1015.01,   -16.7,   35.73,D9F1
SD20,26,02,20,01,16,04,    0.21,   21.27, 1015.11,   -17.5,   35.81,2382
SD20,26,02,20,01,26,04,    0.21,   21.19, 1015.21,   -18.4,   35.78,E07E
SD20,26,02,20,01,36,04,    0.21,   21.10, 1015.22,   -18.5,   35.84,4CFC
SD20,26,02,20,01,46,04,    0.21,   21.05, 1015.25,   -18.7,   35.87,F67F
SD20,26,02,20,01,56,04,    0.21,   20.95, 1015.34,   -19.4,   35.98,507F
SD20,26,02,20,02,06,04,    0.21,   20.88, 1015.48,   -20.7,   36.00,486E
SD20,26,02,20,02,26,04,    0.21,   20.79, 1015.54,   -21.1,   36.00,4DDF
SD20,26,02,20,02,36,04,    0.21,   20.71, 1015.64,   -22.0,   36.04,4B68
SD20,26,02,20,02,46,04,    0.21,   20.66, 1015.72,   -22.6,   36.05,D766
SD20,26,02,20,02,56,04,    0.21,   20.61, 1015.76,   -23.0,   36.08,75E2
SD20,26,02,20,03,06,04,    0.21,   20.54, 1015.77,   -23.1,   36.04,0F2B
SD20,26,02,20,03,16,04,    0.21,   20.53, 1015.71,   -22.5,   36.02,BA80
SD20,26,02,20,03,26,04,    0.21,   20.47, 1015.75,   -22.9,   36.00,CF96
SD20,26,02,20,03,36,04,    0.21,   20.41, 1015.57,   -21.4,   36.01,8E4C
SD20,26,02,20,03,46,04,    0.21,   20.37, 1015.45,   -20.4,   36.05,4948
SD20,26,02,20,03,56,04,    0.21,   20.32, 1015.48,   -20.6,   36.02,69C4
SD20,26,02,20,04,06,04,    0.21,   20.25, 1015.31,   -19.2,   36.01,0E26
SD20,26,02,20,04,16,04,    0.20,   20.22, 1015.37,   -19.8,   36.01,E3A9
SD20,26,02,20,04,26,04,    0.20,   20.20, 1015.46,   -20.4,   35.94,5D07
SD20,26,02,20,04,36,04,    0.20,   20.13, 1015.59,   -21.5,   35.99,087E
SD20,26,02,20,04,46,04,    0.20,   20.09, 1015.64,   -21.9,   35.99,0917
SD20,26,02,20,04,56,04,    0.20,   20.08, 1015.74,   -22.8,   35.93,9053
SD20,26,02,20,05,06,04,    0.20,   20.02, 1015.65,   -22.0,   35.93,1EC0
SD20,26,02,20,05,16,04,    0.20,   19.98, 1015.77,   -23.0,   35.96,2C19
SD20,26,02,20,05,26,04,    0.20,   19.95, 1015.88,   -23.9,   35.94,FBB5
SD20,26,02,20,05,36,04,    0.20,   19.90, 1015.92,   -24.3,   35.91,8832
SD20,26,02,20,05,46,04,    0.20,   19.85, 1016.01,   -25.0,   35.90,AAA8
SD20,26,02,20,05,56,04,    0.20,   19.81, 1016.17,   -26.4,   35.93,BECD
SD20,26,02,20,06,06,04,    0.20,   19.77, 1016.22,   -26.8,   35.89,A8B3
SD20,26,02,20,06,16,04,    0.20,   19.72, 1016.25,   -27.0,   35.89,8029
SD20,26,02,20,06,36,04,    0.20,   19.69, 1016.33,   -27.7,   35.81,3F44
SD20,26,02,20,06,46,04,    0.20,   19.62, 1016.40,   -28.3,   35.82,96F3
SD20,26,02,20,06,56,04,    0.20,   19.59, 1016.43,   -28.5,   35.82,905C
SD20,26,02,20,07,06,04,    0.20,   19.55, 1016.40,   -28.2,   35.80,4F18
SD20,26,02,20,07,16,04,    0.20,   19.50, 1016.47,   -28.9,   35.81,692A
SD20,26,02,20,07,26,04,    0.20,   19.47, 1016.64,   -30.3,   35.81,C94E
SD20,26,02,20,07,36,04,    0.20,   19.47, 1016.64,   -30.3,   35.73,C76E
SD20,26,02,20,07,46,04,    0.20,   19.44, 1016.67,   -30.5,   35.77,68F8
SD20,26,02,20,07,56,04,    0.20,   19.39, 1016.73,   -31.0,   35.75,4E29
SD20,26,02,20,08,06,04,    0.20,   19.35, 1016.74,   -31.1,   35.70,00CD
SD20,26,02,20,08,16,04,    0.20,   19.35, 1016.75,   -31.2,   35.66,9461
SD20,26,02,20,08,26,04,    0.20,   19.35, 1016.73,   -31.0,   35.54,7ADF
SD20,26,02,20,08,36,04,    0.20,   19.39, 1016.76,   -31.3,   35.33,8A32
SD20,26,02,20,08,46,04,    0.20,   19.45, 1016.85,   -32.0,   35.28,B88D
SD20,26,02,20,08,56,04,    0.20,   19.49, 1016.77,   -31.3,   35.33,09D7
SD20,26,02,20,09,06,04,    0.20,   19.55, 1016.92,   -32.6,   35.31,1E30
SD20,26,02,20,09,16,04,    0.20,   19.58, 1016.98,   -33.1,   35.34,EB7D
SD20,26,02,20,09,26,04,    0.20,   19.64, 1017.04,   -33.6,   35.35,3697
SD20,26,02,20,09,36,04,    0.20,   19.67, 1016.99,   -33.2,   35.33,A943
SD20,26,02,20,09,46,04,    0.20,   19.71, 1016.96,   -32.9,   35.37,0941
SD20,26,02,20,09,56,04,    0.20,   19.74, 1017.07,   -33.8,   35.38,8903
SD20,26,02,20,10,06,04,    0.20,   19.81, 1017.14,   -34.4,   35.70,7351
SD20,26,02,20,10,16,04,    0.20,   19.88, 1017.14,   -34.4,   35.86,B684
SD20,26,02,20,10,26,04,    0.21,   20.03, 1017.25,   -35.3,   35.68,1A87
SD20,26,02,20,10,46,04,    0.21,   20.13, 1017.06,   -33.8,   35.64,6FF9
SD20,26,02,20,10,56,04,    0.21,   20.37, 1017.23,   -35.2,   35.38,B136
SD20,26,02,20,11,06,04,    0.21,   20.55, 1017.23,   -35.2,   35.19,E1AA
SD20,26,02,20,11,16,04,    0.21,   20.48, 1017.25,   -35.3,   35.32,8F75
SD20,26,02,20,11,26,04,    0.21,   20.67, 1017.31,   -35.8,   35.10,85B5
SD20,26,02,20,11,36,04,    0.21,   20.64, 1017.22,   -35.1,   35.12,574B
SD20,26,02,20,11,46,04,    0.21,   20.73, 1017.19,   -34.8,   34.50,C3DC
SD20,26,02,20,11,56,04,    0.21,   20.71, 1017.10,   -34.1,   34.64,111B
SD20,26,02,20,12,06,04,    0.21,   20.75, 1017.10,   -34.1,   35.08,7AC7
SD20,26,02,20,12,16,04,    0.22,   20.85, 1017.01,   -33.3,   35.11,73CB
SD20,26,02,20,12,26,04,    0.21,   20.95, 1016.97,   -33.0,   35.22,3D15
SD20,26,02,20,12,36,04,    0.21,   20.86, 1016.92,   -32.6,   35.20,40F8
SD20,26,02,20,12,46,04,    0.22,   20.91, 1016.89,   -32.4,   34.85,4FAF
SD20,26,02,20,12,56,04,    0.22,   21.04, 1016.83,   -31.9,   34.86,77C9
SD20,26,02,20,13,06,04,    0.22,   21.22, 1016.75,   -31.2,   34.69,0794
SD20,26,02,20,13,16,04,    0.22,   21.10, 1016.66,   -30.4,   34.29,4A5F
SD20,26,02,20,13,26,04,    0.22,   21.10, 1016.61,   -30.0,   33.82,237B
SD20,26,02,20,13,36,04,    0.22,   21.03, 1016.54,   -29.4,   33.74,00D0
SD20,26,02,20,13,46,04,    0.22,   20.89, 1016.46,   -28.8,   33.49,FD1A
SD20,26,02,20,13,56,04,    0.22,   21.05, 1016.37,   -28.0,   34.19,BE62
SD20,26,02,20,14,06,04,    0.22,   21.12, 1016.35,   -27.8,   33.79,424A
SD20,26,02,20,14,14,55,    0.22,   20.96, 1016.34,   -27.8,   34.50,FAEB
SD20,26,02,20,14,24,55,    0.22,   21.05, 1016.30,   -27.5,   33.77,42BB
SD20,26,02,20,14,34,55,    0.22,   20.96, 1016.34,   -27.8,   33.96,CA1E
SD20,26,02,20,14,44,55,    0.22,   21.02, 1016.29,   -27.4,   33.84,C597
SD20,26,02,20,15,04,55,    0.21,   20.97, 1016.19,   -26.5,   33.92,0331
SD20,26,02,20,15,14,55,    0.21,   20.87, 1016.18,   -26.4,   34.13,5EE3
SD20,26,02,20,15,24,55,    0.21,   20.89, 1016.22,   -26.8,   34.01,7DC8
SD20,26,02,20,15,34,55,    0.21,   20.77, 1016.21,   -26.7,   34.24,FFAC
SD20,26,02,20,15,54,55,    0.22,   21.12, 1016.15,   -26.2,   34.68,8F66
SD20,26,02,20,16,04,55,    0.22,   20.99, 1016.18,   -26.5,   34.95,80A9
SD20,26,02,20,16,14,55,    0.22,   21.18, 1016.20,   -26.6,   34.71,593F
SD20,26,02,20,16,24,55,    0.22,   21.08, 1016.17,   -26.4,   34.89,7FBC
SD20,26,02,20,16,44,55,    0.22,   21.43, 1016.25,   -27.0,   34.59,773F
SD20,26,02,20,16,54,55,    0.22,   21.57, 1016.19,   -26.5,   34.71,E742
SD20,26,02,20,17,04,55,    0.22,   21.68, 1016.29,   -27.3,   34.89,4C12
SD20,26,02,20,17,14,55,    0.22,   21.66, 1016.34,   -27.8,   34.91,127D
SD20,26,02,20,17,34,55,    0.22,   21.85, 1016.32,   -27.6,   34.97,A15C
SD20,26,02,20,17,44,55,    0.22,   21.80, 1016.29,   -27.4,   35.07,CDD0
SD20,26,02,20,17,54,55,    0.22,   21.88, 1016.36,   -27.9,   35.04,E0F1
SD20,26,02,20,18,04,55,    0.22,   21.92, 1016.37,   -28.0,   34.93,29C8
SD20,26,02,20,18,24,55,    0.22,   21.97, 1016.46,   -28.7,   35.11,D22F
SD20,26,02,20,18,34,55,    0.22,   22.01, 1016.41,   -28.4,   34.74,2980
SD20,26,02,20,18,44,55,    0.22,   21.98, 1016.40,   -28.3,   34.14,E74A
SD20,26,02,20,18,54,55,    0.22,   22.04, 1016.49,   -29.0,   34.41,ACAE
SD20,26,02,20,19,03,37,    0.22,   21.91, 1016.53,   -29.4,   34.32,E7F2
SD20,26,02,20,19,08,48,    0.22,   21.90, 1016.51,   -29.2,   34.54,CA75
SD20,26,02,20,19,17,20,    0.22,   22.27, 1016.43,   -28.5,   33.89,F852
SD20,26,02,20,19,19,24,    0.22,   22.27, 1016.44,   -28.6,   33.96,D6D0
SD20,26,02,20,19,20,38,    0.22,   22.27, 1016.42,   -28.5,   33.89,9B01
SD20,26,02,20,19,21,56,    0.22,   22.27, 1016.45,   -28.7,   33.95,0E5C
SD20,26,02,20,19,22,56,    0.22,   22.27, 1016.46,   -28.7,   33.97,0071
SD20,26,02,20,19,32,56,    0.22,   22.27, 1016.62,   -30.1,   34.08,41B7
SD20,26,02,20,19,42,56,    0.22,   22.25, 1016.58,   -30.1,   34.11,486E
SD20,26,02,20,19,52,57,    0.22,   22.23, 1016.64,   -30.2,   34.15,7299
SD20,26,02,20,20,12,56,    0.22,   22.13, 1016.51,   -29.2,   34.28,36B7
SD20,26,02,20,20,22,56,    0.22,   22.00, 1016.58,   -29.7,   35.35,180F
SD20,26,02,20,20,32,56,    0.22,   21.94, 1016.47,   -28.9,   35.82,9A83
SD20,26,02,20,20,42,56,    0.22,   21.98, 1016.57,   -29.7,   35.64,219F
SD20,26,02,20,20,52,56,    0.22,   22.04, 1016.54,   -29.4,   35.96,A791
SD20,26,02,20,21,02,56,    0.22,   22.07, 1016.56,   -29.7,   36.23,9EB2
SD20,26,02,20,21,12,56,    0.22,   22.15, 1016.60,   -29.9,   36.34,0C7F
SD20,26,02,20,21,22,56,    0.22,   22.27, 1016.67,   -30.5,   36.17,5F9D
SD20,26,02,20,21,32,56,    0.22,   22.41, 1016.65,   -30.3,   36.00,1B8F
SD20,26,02,20,21,52,56,    0.23,   22.55, 1016.62,   -30.1,   35.92,B270
SD20,26,02,20,22,02,56,    0.23,   22.60, 1016.69,   -30.7,   35.89,96A5
SD20,26,02,20,22,12,56,    0.23,   22.62, 1016.73,   -31.0,   35.84,3A90
SD20,26,02,20,22,22,56,    0.23,   22.63, 1016.72,   -30.9,   35.99,4D98
SD20,26,02,20,22,42,56,    0.23,   22.74, 1016.68,   -30.6,   35.85,C53B
SD20,26,02,20,22,52,56,    0.23,   22.77, 1016.62,   -30.1,   35.83,D587
SD20,26,02,20,23,02,56,    0.23,   22.84, 1016.61,   -30.1,   35.77,D76B
SD20,26,02,20,23,12,56,    0.23,   22.88, 1016.51,   -29.2,   35.76,879C
SD20,26,02,20,23,32,56,    0.23,   22.87, 1016.51,   -29.2,   35.88,0563
SD20,26,02,20,23,42,56,    0.23,   22.73, 1016.49,   -29.0,   35.17,0A16
SD20,26,02,20,23,52,56,    0.22,   22.60, 1016.43,   -28.6,   34.54,E360
SD20,26,02,21,00,02,56,    0.22,   22.48, 1016.40,   -28.3,   34.76,75C3
SD20,26,02,21,00,22,56,    0.22,   22.29, 1016.39,   -28.2,   35.00,E725
SD20,26,02,21,00,32,56,    0.22,   22.18, 1016.32,   -27.6,   35.01,08D9
SD20,26,02,21,00,42,56,    0.22,   22.12, 1016.35,   -27.9,   35.03,A6D3
SD20,26,02,21,00,52,56,    0.22,   22.03, 1016.26,   -27.1,   35.10,5097
SD20,26,02,21,01,02,56,    0.22,   21.98, 1016.14,   -26.1,   35.09,0B92
SD20,26,02,21,01,12,56,    0.22,   21.91, 1016.05,   -25.3,   35.10,4A2B
SD20,26,02,21,01,22,56,    0.22,   21.85, 1016.02,   -25.1,   35.16,FE56
SD20,26,02,21,01,32,56,    0.22,   21.80, 1015.85,   -23.7,   35.14,49B7
SD20,26,02,21,01,42,56,    0.22,   21.75, 1015.77,   -23.1,   35.16,CA71
SD20,26,02,21,02,02,56,    0.22,   21.67, 1015.77,   -23.1,   35.15,E618
SD20,26,02,21,02,12,56,    0.21,   21.63, 1015.80,   -23.3,   35.17,E422
SD20,26,02,21,02,22,56,    0.21,   21.58, 1015.81,   -23.4,   35.22,7FE1
SD20,26,02,21,02,42,56,    0.21,   21.53, 1015.86,   -23.8,   35.14,8810
SD20,26,02,21,02,52,56,    0.21,   21.50, 1015.85,   -23.7,   35.18,5DE3
SD20,26,02,21,03,02,56,    0.21,   21.46, 1015.81,   -23.3,   35.18,1B03
SD20,26,02,21,03,12,56,    0.21,   21.41, 1015.60,   -21.6,   35.19,BBCA
SD20,26,02,21,03,22,56,    0.21,   21.39, 1015.46,   -20.4,   35.14,2A3E
SD20,26,02,21,03,42,56,    0.21,   21.33, 1015.19,   -18.2,   35.10,992B
SD20,26,02,21,03,52,56,    0.21,   21.30, 1015.05,   -17.0,   35.10,0331
SD20,26,02,21,04,02,56,    0.21,   21.27, 1015.27,   -18.9,   35.11,7AD8
SD20,26,02,21,04,12,56,    0.21,   21.23, 1015.38,   -19.8,   35.12,E57F
SD20,26,02,21,04,32,56,    0.21,   21.18, 1015.21,   -18.4,   35.07,A3F7
SD20,26,02,21,04,42,56,    0.21,   21.14, 1015.39,   -19.9,   35.11,F199
SD20,26,02,21,04,52,56,    0.21,   21.12, 1015.42,   -20.1,   35.10,0F35
SD20,26,02,21,05,02,56,    0.21,   21.09, 1015.45,   -20.4,   35.07,9524
SD20,26,02,21,05,12,56,    0.21,   21.08, 1015.45,   -20.4,   35.06,1280
SD20,26,02,21,05,22,56,    0.21,   21.05, 1015.38,   -19.8,   35.08,6EC5
SD20,26,02,21,05,32,56,    0.21,   21.03, 1015.45,   -20.4,   35.08,4FB5
SD20,26,02,21,05,42,56,    0.21,   20.99, 1015.54,   -21.1,   35.10,0EE7
SD20,26,02,21,05,52,56,    0.21,   20.99, 1015.52,   -20.9,   35.02,4181
SD20,26,02,21,06,12,56,    0.21,   20.93, 1015.43,   -20.2,   35.01,A911
SD20,26,02,21,06,22,56,    0.21,   20.90, 1015.49,   -20.7,   35.00,086F
SD20,26,02,21,06,32,56,    0.21,   20.87, 1015.51,   -20.9,   34.99,029E
SD20,26,02,21,06,42,56,    0.21,   20.85, 1015.54,   -21.1,   34.97,1996
SD20,26,02,21,07,02,56,    0.21,   20.80, 1015.41,   -20.1,   34.96,D441
SD20,26,02,21,07,12,56,    0.21,   20.77, 1015.56,   -21.3,   34.93,52AD
SD20,26,02,21,07,22,56,    0.21,   20.76, 1015.93,   -24.4,   34.94,D588
SD20,26,02,21,07,32,56,    0.21,   20.75, 1015.93,   -24.4,   34.91,6F05
SD20,26,02,21,07,52,56,    0.21,   20.72, 1015.80,   -23.3,   34.87,E1FE
SD20,26,02,21,08,02,56,    0.21,   20.70, 1015.98,   -24.8,   34.84,D81E
SD20,26,02,21,08,12,56,    0.21,   20.68, 1015.92,   -24.3,   34.81,91FB
SD20,26,02,21,08,22,56,    0.21,   20.67, 1015.69,   -22.3,   34.80,C189
SD20,26,02,21,08,42,56,    0.21,   20.70, 1015.82,   -23.4,   34.59,D716
SD20,26,02,21,08,52,56,    0.21,   20.75, 1016.01,   -25.0,   34.58,43DB
SD20,26,02,21,09,02,56,    0.21,   20.79, 1015.80,   -23.3,   34.64,33E1
SD20,26,02,21,09,22,56,    0.21,   20.87, 1015.91,   -24.2,   34.66,AD05
SD20,26,02,21,09,32,56,    0.21,   20.92, 1016.05,   -25.3,   34.63,E2FA
SD20,26,02,21,09,42,56,    0.21,   20.96, 1016.23,   -26.9,   34.64,8E11
SD20,26,02,21,09,52,56,    0.21,   21.05, 1016.68,   -30.6,   34.93,9D80
SD20,26,02,21,10,02,56,    0.21,   21.17, 1016.60,   -30.0,   35.35,8768
SD20,26,02,21,10,22,56,    0.22,   21.45, 1016.43,   -28.6,   35.77,30F9
SD20,26,02,21,10,32,56,    0.22,   21.57, 1016.58,   -29.7,   35.42,816D
SD20,26,02,21,10,42,56,    0.22,   21.51, 1016.65,   -30.3,   35.28,478A
SD20,26,02,21,10,52,56,    0.22,   21.65, 1016.83,   -31.8,   35.11,3956
SD20,26,02,21,10,54,42,    0.22,   21.64, 1016.83,   -31.9,   35.08,1C6F
SD20,26,02,21,11,04,42,    0.22,   21.74, 1016.81,   -31.7,   34.91,6956
SD20,26,02,21,11,12,02,    0.22,   21.74, 1016.62,   -30.1,   34.98,982C
SD20,26,02,21,11,22,02,    0.22,   21.75, 1016.49,   -29.0,   34.64,78B3
SD20,26,02,21,11,32,02,    0.22,   21.77, 1016.50,   -29.1,   34.45,15C9
SD20,26,02,21,11,42,03,    0.22,   21.71, 1016.49,   -29.0,   34.54,96F1
SD20,26,02,21,12,02,02,    0.22,   21.77, 1016.57,   -29.7,   34.68,38A8
SD20,26,02,21,12,12,02,    0.22,   21.76, 1016.47,   -28.8,   34.89,BFAB
SD20,26,02,21,12,22,02,    0.22,   21.87, 1016.70,   -30.7,   35.02,365D
SD20,26,02,21,12,42,02,    0.22,   21.73, 1016.72,   -31.0,   34.58,92DA
SD20,26,02,21,12,52,02,    0.22,   21.79, 1016.83,   -31.6,   34.38,6082
SD20,26,02,21,13,02,02,    0.22,   21.77, 1016.89,   -32.3,   34.54,3898
SD20,26,02,21,13,12,02,    0.22,   21.82, 1016.98,   -33.1,   35.18,3E3A
SD20,26,02,21,13,32,02,    0.22,   21.78, 1017.00,   -33.3,   35.34,8ECF
SD20,26,02,21,13,42,02,    0.22,   21.90, 1017.03,   -33.5,   35.50,1B9F
SD20,26,02,21,13,52,02,    0.22,   21.79, 1016.99,   -33.2,   34.63,00DC
SD20,26,02,21,14,02,02,    0.22,   21.75, 1016.90,   -32.5,   34.69,D5E6
SD20,26,02,21,14,22,02,    0.22,   21.64, 1017.03,   -33.5,   34.67,E3CB
SD20,26,02,21,14,32,02,    0.22,   21.65, 1017.08,   -33.9,   34.54,4BF8
SD20,26,02,21,14,42,02,    0.22,   21.57, 1016.97,   -33.0,   34.27,8C63
SD20,26,02,21,14,52,02,    0.22,   21.70, 1016.94,   -32.7,   34.45,CE17
SD20,26,02,21,15,12,02,    0.22,   21.72, 1016.89,   -32.4,   34.95,0070
SD20,26,02,21,15,22,02,    0.22,   21.75, 1016.85,   -32.0,   35.03,9A41
SD20,26,02,21,15,32,02,    0.22,   21.77, 1016.82,   -31.8,   34.77,29E8
SD20,26,02,21,15,42,02,    0.22,   21.82, 1016.81,   -31.7,   34.52,D45B
SD20,26,02,21,16,02,02,    0.22,   21.87, 1016.69,   -30.7,   34.91,9D66
SD20,26,02,21,16,12,02,    0.22,   21.89, 1016.63,   -30.2,   35.02,1296
SD20,26,02,21,16,22,02,    0.22,   21.91, 1016.54,   -29.4,   35.07,FDB0
SD20,26,02,21,16,32,02,    0.22,   21.78, 1016.56,   -29.6,   35.68,A903
SD20,26,02,21,16,52,02,    0.22,   21.50, 1016.74,   -31.1,   34.14,2660
SD20,26,02,21,17,02,02,    0.21,   21.37, 1016.70,   -30.8,   34.58,65F9
SD20,26,02,21,17,12,02,    0.22,   21.42, 1016.68,   -30.6,   35.33,DF78
SD20,26,02,21,17,22,02,    0.21,   21.33, 1016.64,   -30.3,   35.39,EC6A
SD20,26,02,21,17,42,02,    0.22,   21.45, 1016.56,   -29.6,   36.21,8CE6
SD20,26,02,21,17,52,02,    0.22,   21.51, 1016.48,   -29.0,   36.38,9BC8
SD20,26,02,21,18,02,02,    0.22,   21.58, 1016.38,   -28.1,   36.75,47A2
SD20,26,02,21,18,08,58,    0.22,   21.48, 1016.34,   -27.8,   37.50,E7F0
SD20,26,02,21,18,18,58,    0.22,   21.57, 1016.31,   -27.5,   37.44,9CB0
SD20,26,02,21,18,28,58,    0.22,   21.54, 1016.22,   -26.8,   37.37,642D
SD20,26,02,21,18,38,59,    0.22,   21.56, 1015.98,   -24.8,   37.47,CB88
SD20,26,02,21,18,58,58,    0.22,   21.53, 1015.82,   -23.4,   37.21,AE92
SD20,26,02,21,19,08,58,    0.22,   21.55, 1015.72,   -22.7,   37.24,627C
SD20,26,02,21,19,10,05,    0.22,   21.46, 1015.69,   -22.4,   37.49,83EE
SD20,26,02,21,19,20,05,    0.23,   23.56, 1015.35,   -19.5,   33.83,4BF2
SD20,26,02,21,19,30,05,    0.23,   23.95, 1015.23,   -18.5,   32.79,269A
SD20,26,02,21,19,40,06,    0.23,   23.98, 1015.11,   -17.6,   32.48,8FBB
SD20,26,02,21,20,00,05,    0.23,   23.82, 1014.81,   -15.1,   32.47,0FAA
SD20,26,02,21,20,10,05,    0.23,   23.70, 1014.55,   -12.9,   33.05,1E13
SD20,26,02,21,20,30,05,    0.23,   23.83, 1014.40,   -11.6,   33.14,9645
SD20,26,02,21,20,40,05,    0.23,   23.73, 1014.33,   -11.1,   33.38,797D
SD20,26,02,21,20,50,05,    0.23,   23.74, 1014.42,   -11.8,   33.31,3392
SD20,26,02,21,21,00,05,    0.23,   23.71, 1014.46,   -12.2,   33.41,6429
SD20,26,02,21,21,10,05,    0.23,   23.76, 1014.64,   -13.6,   33.31,93B5
SD20,26,02,21,21,30,05,    0.23,   23.56, 1014.53,   -12.8,   33.54,B403
SD20,26,02,21,21,40,05,    0.23,   23.52, 1014.58,   -13.2,   33.52,8414
SD20,26,02,21,21,50,05,    0.23,   23.60, 1014.64,   -13.6,   33.36,00C6
SD20,26,02,21,22,00,22,    0.23,   23.64, 1014.60,   -13.3,   33.21,43EC
SD20,26,02,21,22,10,22,    0.23,   23.71, 1014.61,   -13.4,   33.00,4CC2
SD20,26,02,21,22,20,22,    0.23,   23.73, 1014.64,   -13.7,   32.85,163A
SD20,26,02,21,22,30,23,    0.23,   23.85, 1014.64,   -13.7,   33.43,9F8E
SD20,26,02,21,22,50,22,    0.23,   23.61, 1014.69,   -14.1,   33.63,5D7C
SD20,26,02,21,23,00,22,    0.23,   23.51, 1014.65,   -13.7,   33.50,D0B5
SD20,26,02,21,23,10,22,    0.23,   23.41, 1014.59,   -13.2,   33.47,BF3E
SD20,26,02,21,23,30,22,    0.23,   23.31, 1014.71,   -14.2,   33.45,A29B
SD20,26,02,21,23,40,22,    0.23,   23.29, 1014.63,   -13.6,   33.37,5706
SD20,26,02,21,23,50,22,    0.23,   23.27, 1014.67,   -13.9,   33.29,AF74
SD20,26,02,22,00,00,22,    0.23,   23.21, 1014.67,   -13.9,   33.30,0FD7
SD20,26,02,22,00,10,22,    0.23,   23.18, 1014.66,   -13.8,   33.30,BA4E
SD20,26,02,22,00,20,22,    0.23,   23.21, 1014.57,   -13.1,   33.13,70B7
SD20,26,02,22,00,30,22,    0.23,   23.18, 1014.68,   -13.9,   33.13,D1C1
SD20,26,02,22,00,40,22,    0.23,   23.13, 1014.32,   -11.0,   33.14,E761
SD20,26,02,22,00,50,22,    0.23,   23.11, 1014.92,   -16.0,   33.11,13B9
SD20,26,02,22,01,10,22,    0.23,   23.07, 1014.76,   -14.6,   33.07,B5C9
SD20,26,02,22,01,20,22,    0.22,   23.02, 1014.83,   -15.2,   33.12,67B2
SD20,26,02,22,01,30,22,    0.23,   23.03, 1015.05,   -17.0,   33.03,0E1F
SD20,26,02,22,01,40,22,    0.22,   23.01, 1014.50,   -12.5,   33.00,7EBB
SD20,26,02,22,01,50,22,    0.22,   22.99, 1014.38,   -11.5,   32.98,C6BD
SD20,26,02,22,02,00,22,    0.22,   22.93, 1014.39,   -11.6,   33.04,39D8
SD20,26,02,22,02,10,22,    0.22,   22.92, 1014.04,    -8.7,   33.01,1607
SD20,26,02,22,02,20,22,    0.22,   22.94, 1013.58,    -4.9,   32.93,2583
SD20,26,02,22,02,30,22,    0.22,   22.92, 1013.49,    -4.1,   32.94,B8BA
SD20,26,02,22,02,40,22,    0.22,   22.90, 1013.39,    -3.3,   32.94,E714
SD20,26,02,22,02,50,22,    0.22,   22.89, 1013.31,    -2.6,   32.89,9DF1
SD20,26,02,22,03,00,22,    0.22,   22.84, 1013.30,    -2.5,   32.95,9C4D
SD20,26,02,22,03,10,22,    0.22,   22.80, 1013.17,    -1.4,   32.94,3CCC
SD20,26,02,22,03,20,22,    0.22,   22.85, 1013.13,    -1.1,   32.83,0221
SD20,26,02,22,03,40,22,    0.22,   22.81, 1013.01,    -0.1,   32.85,2984
SD20,26,02,22,03,50,22,    0.22,   22.77, 1012.84,     1.3,   32.82,40AE
SD20,26,02,22,04,00,22,    0.22,   22.77, 1012.98,     0.1,   32.81,94A7
SD20,26,02,22,04,10,22,    0.22,   22.75, 1012.81,     1.6,   32.77,968C
SD20,26,02,22,04,30,22,    0.22,   22.69, 1012.94,     0.5,   32.81,9EDE
SD20,26,02,22,04,40,22,    0.22,   22.73, 1013.31,    -2.6,   32.71,1DEE
SD20,26,02,22,04,50,22,    0.22,   22.66, 1013.28,    -2.3,   32.83,CD3E
SD20,26,02,22,05,00,22,    0.22,   22.68, 1013.00,    -0.0,   32.77,E620
SD20,26,02,22,05,20,22,    0.22,   22.63, 1013.07,    -0.6,   32.74,B4A4
SD20,26,02,22,05,30,22,    0.22,   22.61, 1012.94,     0.5,   32.74,3531
SD20,26,02,22,05,40,22,    0.22,   22.59, 1012.96,     0.3,   32.72,248B
SD20,26,02,22,05,50,22,    0.22,   22.59, 1012.88,     1.0,   32.69,634E
SD20,26,02,22,06,10,22,    0.22,   22.56, 1012.93,     0.6,   32.70,E804
SD20,26,02,22,06,20,22,    0.22,   22.57, 1012.88,     1.0,   32.64,AD8E
SD20,26,02,22,06,30,22,    0.22,   22.55, 1012.80,     1.6,   32.64,545D
SD20,26,02,22,06,40,22,    0.22,   22.53, 1012.67,     2.7,   32.64,17C6
SD20,26,02,22,06,50,22,    0.22,   22.49, 1012.51,     4.1,   32.70,0A6A
SD20,26,02,22,07,00,22,    0.22,   22.48, 1012.36,     5.3,   32.67,2FF6
SD20,26,02,22,07,10,22,    0.22,   22.48, 1012.30,     5.8,   32.65,6A39
SD20,26,02,22,07,20,22,    0.22,   22.46, 1012.21,     6.6,   32.62,B660
SD20,26,02,22,07,30,22,    0.22,   22.44, 1012.29,     5.9,   32.67,0524
SD20,26,02,22,07,40,22,    0.22,   22.44, 1012.16,     7.0,   32.64,3695
SD20,26,02,22,07,50,22,    0.22,   22.42, 1012.10,     7.5,   32.63,DDC3
SD20,26,02,22,08,00,22,    0.22,   22.39, 1012.24,     6.4,   32.67,1836
SD20,26,02,22,08,10,22,    0.22,   22.41, 1012.49,     4.2,   32.61,C7EB
SD20,26,02,22,08,20,22,    0.22,   22.45, 1012.75,     2.0,   32.54,74B6
SD20,26,02,22,08,40,22,    0.22,   22.39, 1012.58,     3.5,   32.45,EBAB
SD20,26,02,22,08,50,22,    0.22,   22.42, 1012.88,     1.0,   32.45,18AA
SD20,26,02,22,09,00,22,    0.22,   22.45, 1012.77,     1.9,   32.46,FCFA
SD20,26,02,22,09,10,22,    0.22,   22.52, 1012.89,     0.9,   32.57,C4E1
SD20,26,02,22,09,20,22,    0.22,   22.57, 1013.22,    -1.8,   33.33,DD05
SD20,26,02,22,09,30,22,    0.22,   22.76, 1013.09,    -0.7,   33.43,68CF
SD20,26,02,22,09,40,22,    0.22,   22.94, 1013.05,    -0.5,   33.86,6BB2
SD20,26,02,22,09,50,22,    0.23,   23.13, 1013.43,    -3.6,   33.91,EBFD
SD20,26,02,22,10,00,22,    0.23,   23.13, 1013.50,    -4.1,   33.66,5FAC
SD20,26,02,22,10,10,22,    0.23,   23.16, 1013.66,    -5.5,   33.73,17B2
SD20,26,02,22,10,20,22,    0.23,   23.13, 1013.81,    -6.8,   33.23,4CF6
SD20,26,02,22,10,30,22,    0.22,   22.47, 1014.10,    -9.2,   34.33,FC68
SD20,26,02,22,10,40,22,    0.22,   22.20, 1014.38,   -11.5,   34.86,1C07
SD20,26,02,22,10,50,22,    0.22,   21.94, 1014.49,   -12.4,   34.42,81E6
SD20,26,02,22,11,10,22,    0.21,   20.98, 1015.37,   -19.7,   35.63,488C
SD20,26,02,22,11,20,22,    0.21,   20.97, 1015.53,   -21.1,   36.12,A4FA
SD20,26,02,22,11,30,22,    0.21,   20.91, 1015.92,   -24.3,   36.17,6069
SD20,26,02,22,11,40,22,    0.21,   20.83, 1016.32,   -27.6,   36.25,F7DC
SD20,26,02,22,12,00,22,    0.21,   20.65, 1016.38,   -28.1,   36.52,288F
SD20,26,02,22,12,10,22,    0.21,   20.57, 1016.53,   -29.4,   36.65,B580
SD20,26,02,22,12,20,22,    0.21,   20.49, 1016.74,   -31.1,   36.71,B4DE
SD20,26,02,22,12,30,22,    0.21,   20.44, 1016.79,   -31.5,   36.82,7284
SD20,26,02,22,12,50,22,    0.20,   20.32, 1016.77,   -31.3,   36.95,7D1F
SD20,26,02,22,13,00,22,    0.20,   20.28, 1016.75,   -31.2,   36.99,4E1A
SD20,26,02,22,13,10,22,    0.20,   20.23, 1016.60,   -29.9,   37.03,BB78
SD20,26,02,22,13,20,22,    0.20,   20.19, 1016.53,   -29.3,   37.06,A7D0
SD20,26,02,22,13,40,22,    0.20,   20.12, 1016.47,   -28.9,   37.14,CD31
SD20,26,02,22,13,50,22,    0.20,   20.08, 1016.47,   -28.9,   37.17,D334
SD20,26,02,22,14,00,22,    0.20,   20.05, 1016.47,   -28.9,   37.18,EDC9
SD20,26,02,22,14,10,22,    0.20,   20.02, 1016.40,   -28.3,   37.21,32A6
SD20,26,02,22,14,20,22,    0.20,   19.97, 1016.40,   -28.3,   37.26,102F
SD20,26,02,22,14,30,22,    0.20,   19.95, 1016.38,   -28.1,   37.26,B13B
SD20,26,02,22,14,40,22,    0.20,   19.92, 1016.39,   -28.2,   37.29,D3C4
SD20,26,02,22,14,50,22,    0.20,   19.90, 1016.48,   -29.0,   37.29,BFB9
SD20,26,02,22,15,00,22,    0.20,   19.86, 1016.42,   -28.4,   37.34,FD45
SD20,26,02,22,15,10,22,    0.20,   19.84, 1016.42,   -28.5,   37.36,F6F0
SD20,26,02,22,15,20,22,    0.20,   19.82, 1016.51,   -29.2,   37.37,ECBF
SD20,26,02,22,15,30,22,    0.20,   19.79, 1016.22,   -26.8,   37.38,ADB1
SD20,26,02,22,15,40,22,    0.20,   19.76, 1016.22,   -26.8,   37.40,69D7
SD20,26,02,22,15,50,22,    0.20,   19.75, 1016.38,   -28.1,   37.42,B712
SD20,26,02,22,16,00,22,    0.20,   19.73, 1016.22,   -26.8,   37.44,27C6
SD20,26,02,22,16,10,22,    0.20,   19.70, 1016.20,   -26.6,   37.45,6993
SD20,26,02,22,16,20,22,    0.20,   19.68, 1016.30,   -27.4,   37.47,0D8A
SD20,26,02,22,16,30,22,    0.20,   19.65, 1016.32,   -27.6,   37.49,55E9
SD20,26,02,22,16,40,22,    0.20,   19.61, 1016.50,   -29.1,   37.52,9A3C
SD20,26,02,22,16,50,22,    0.20,   19.58, 1016.51,   -29.2,   37.56,43D2
SD20,26,02,22,17,00,22,    0.20,   19.58, 1016.45,   -28.7,   37.56,46E7
SD20,26,02,22,17,10,22,    0.20,   19.54, 1016.35,   -27.9,   37.59,8D2E
SD20,26,02,22,17,20,22,    0.20,   19.50, 1016.40,   -28.3,   37.59,9BD0
SD20,26,02,22,17,30,22,    0.20,   19.47, 1016.39,   -28.2,   37.65,61B2
SD20,26,02,22,17,50,22,    0.20,   19.45, 1016.19,   -26.5,   37.65,0F15
SD20,26,02,22,18,00,22,    0.20,   19.43, 1016.15,   -26.2,   37.67,CCC4
SD20,26,02,22,18,10,22,    0.20,   19.42, 1016.04,   -25.3,   37.68,9FC6
SD20,26,02,22,18,20,22,    0.20,   19.40, 1015.90,   -24.3,   37.69,B7BD
SD20,26,02,22,18,30,22,    0.20,   19.38, 1015.86,   -23.7,   37.69,C857
SD20,26,02,22,18,40,22,    0.19,   19.36, 1015.91,   -24.2,   37.69,355D
SD20,26,02,22,18,50,22,    0.19,   19.34, 1015.67,   -22.2,   37.71,CA6D
SD20,26,02,22,19,00,22,    0.19,   19.32, 1015.48,   -20.7,   37.73,E9DE
SD20,26,02,22,19,10,22,    0.19,   19.30, 1015.40,   -20.0,   37.72,FB75
SD20,26,02,22,19,30,22,    0.19,   19.28, 1015.71,   -22.5,   37.74,7FBD
SD20,26,02,22,19,40,22,    0.19,   19.25, 1015.55,   -21.3,   37.74,155F
SD20,26,02,22,19,50,22,    0.19,   19.22, 1015.13,   -17.8,   37.79,D72D
SD20,26,02,22,20,00,22,    0.19,   19.21, 1015.23,   -18.6,   37.79,6BBB
SD20,26,02,22,20,20,22,    0.19,   19.17, 1015.26,   -18.8,   37.81,EFF7
SD20,26,02,22,20,30,22,    0.19,   19.16, 1015.10,   -17.5,   37.82,3772
SD20,26,02,22,20,40,22,    0.19,   19.14, 1014.89,   -15.8,   37.82,5D20
SD20,26,02,22,20,50,22,    0.19,   19.11, 1015.09,   -17.4,   37.85,50AB
SD20,26,02,22,21,10,22,    0.19,   19.09, 1014.99,   -16.5,   37.84,F1E2
SD20,26,02,22,21,20,22,    0.19,   19.09, 1015.07,   -17.2,   37.84,2E31
SD20,26,02,22,21,30,22,    0.19,   19.05, 1015.18,   -18.1,   37.88,72FD
SD20,26,02,22,21,40,22,    0.19,   19.05, 1015.21,   -18.4,   37.88,D0BA
SD20,26,02,22,22,00,22,    0.19,   19.03, 1014.99,   -16.6,   37.89,3D28
SD20,26,02,22,22,10,22,    0.19,   19.01, 1014.92,   -16.0,   37.90,1786
SD20,26,02,22,22,20,22,    0.19,   18.99, 1014.99,   -16.6,   37.90,26FD
SD20,26,02,22,22,30,22,    0.19,   18.96, 1015.00,   -16.6,   37.92,F64A
SD20,26,02,22,22,50,22,    0.19,   18.93, 1014.54,   -12.8,   37.92,2B01
SD20,26,02,22,23,00,22,    0.19,   18.92, 1014.79,   -14.9,   37.93,909D
SD20,26,02,22,23,10,22,    0.19,   18.92, 1014.94,   -16.1,   37.93,B160
SD20,26,02,22,23,20,22,    0.19,   18.90, 1014.84,   -15.3,   37.94,AF6F
SD20,26,02,22,23,40,22,    0.19,   18.86, 1014.53,   -12.7,   38.00,74AC
SD20,26,02,22,23,50,22,    0.19,   18.84, 1014.37,   -11.4,   37.98,0E16
SD20,26,02,23,00,00,22,    0.19,   18.81, 1014.60,   -13.3,   38.00,4A76
SD20,26,02,23,00,10,22,    0.19,   18.80, 1014.49,   -12.4,   38.07,386D
SD20,26,02,23,00,30,22,    0.19,   18.76, 1014.26,   -10.5,   38.06,4D50
SD20,26,02,23,00,40,22,    0.19,   18.74, 1014.24,   -10.3,   38.05,BE04
SD20,26,02,23,00,50,22,    0.19,   18.73, 1014.31,   -10.9,   38.08,4A6F
SD20,26,02,23,01,00,22,    0.19,   18.70, 1014.33,   -11.1,   38.08,0D8D
SD20,26,02,23,01,20,22,    0.19,   18.68, 1014.41,   -11.8,   38.14,11DF
SD20,26,02,23,01,30,22,    0.19,   18.66, 1014.37,   -11.4,   38.14,E78E
SD20,26,02,23,01,40,22,    0.19,   18.64, 1014.42,   -11.8,   38.15,F11C
SD20,26,02,23,01,50,22,    0.19,   18.61, 1014.69,   -14.0,   38.19,49FE
SD20,26,02,23,02,10,22,    0.19,   18.60, 1015.26,   -18.8,   38.18,9088
SD20,26,02,23,02,20,22,    0.19,   18.57, 1015.32,   -19.3,   38.19,1AD0
SD20,26,02,23,02,30,22,    0.19,   18.54, 1015.27,   -18.9,   38.17,0D70
SD20,26,02,23,02,50,22,    0.19,   18.50, 1014.32,   -11.0,   38.20,D03B
SD20,26,02,23,03,00,22,    0.19,   18.49, 1014.54,   -12.8,   38.22,7EE2
SD20,26,02,23,03,10,22,    0.19,   18.48, 1014.82,   -15.2,   38.22,C2D3
SD20,26,02,23,03,20,22,    0.19,   18.47, 1015.20,   -18.3,   38.22,E26A
SD20,26,02,23,03,30,22,    0.19,   18.45, 1015.25,   -18.7,   38.23,D6FD
SD20,26,02,23,03,50,22,    0.18,   18.41, 1015.72,   -22.6,   38.25,0C12
SD20,26,02,23,04,00,22,    0.18,   18.40, 1015.95,   -24.6,   38.26,67DC
SD20,26,02,23,04,10,22,    0.18,   18.38, 1016.53,   -29.4,   38.27,8949
SD20,26,02,23,04,20,22,    0.18,   18.36, 1016.99,   -33.2,   38.27,C506
SD20,26,02,23,04,30,22,    0.18,   18.32, 1016.76,   -31.3,   38.29,25AE
SD20,26,02,23,04,40,22,    0.18,   18.30, 1016.74,   -31.1,   38.30,5F46
SD20,26,02,23,04,50,22,    0.18,   18.28, 1016.64,   -30.2,   38.30,0D92
SD20,26,02,23,05,00,22,    0.18,   18.26, 1016.62,   -30.1,   38.33,A232
SD20,26,02,23,05,10,22,    0.18,   18.24, 1016.62,   -30.1,   38.31,71CE
SD20,26,02,23,05,20,22,    0.18,   18.22, 1016.70,   -30.7,   38.32,A57A
SD20,26,02,23,05,30,22,    0.18,   18.20, 1017.04,   -33.6,   38.34,17E9
SD20,26,02,23,05,40,22,    0.18,   18.18, 1017.20,   -34.9,   38.34,1A5D
SD20,26,02,23,05,50,22,    0.18,   18.16, 1017.28,   -35.6,   38.33,4191
SD20,26,02,23,06,00,22,    0.18,   18.14, 1017.28,   -35.6,   38.34,EC50
SD20,26,02,23,06,20,22,    0.18,   18.11, 1017.29,   -35.6,   38.35,6129
SD20,26,02,23,06,30,22,    0.18,   18.09, 1017.51,   -37.5,   38.36,C8C4
SD20,26,02,23,06,40,22,    0.18,   18.08, 1017.56,   -37.9,   38.33,717F
SD20,26,02,23,06,50,22,    0.18,   18.05, 1017.56,   -37.9,   38.37,0D02
SD20,26,02,23,07,10,22,    0.18,   18.03, 1018.06,   -42.1,   38.39,B12A
SD20,26,02,23,07,20,22,    0.18,   18.00, 1018.16,   -42.9,   38.37,28C3
SD20,26,02,23,07,30,22,    0.18,   17.98, 1018.22,   -43.4,   38.36,4B24
SD20,26,02,23,07,40,22,    0.18,   17.96, 1018.23,   -43.4,   38.36,462E
SD20,26,02,23,08,00,22,    0.18,   17.95, 1018.65,   -46.9,   38.35,0237
SD20,26,02,23,08,10,22,    0.18,   17.92, 1018.72,   -47.5,   38.37,3993
SD20,26,02,23,08,20,22,    0.18,   17.91, 1018.60,   -46.5,   38.35,699C
SD20,26,02,23,08,30,22,    0.18,   17.90, 1018.86,   -48.7,   38.35,5721
SD20,26,02,23,08,50,22,    0.18,   17.93, 1019.31,   -52.4,   38.25,2649
SD20,26,02,23,09,00,22,    0.18,   17.98, 1019.60,   -54.8,   38.16,EDA8
SD20,26,02,23,09,10,22,    0.18,   18.00, 1019.32,   -52.5,   38.11,8F3D
SD20,26,02,23,09,30,22,    0.18,   18.08, 1019.75,   -56.1,   38.03,1A16
SD20,26,02,23,09,40,22,    0.18,   18.10, 1019.71,   -55.8,   38.03,4A08
SD20,26,02,23,09,50,22,    0.18,   18.12, 1019.57,   -54.5,   37.99,83B1
SD20,26,02,23,10,00,22,    0.18,   18.15, 1019.89,   -57.2,   38.01,F1D1
SD20,26,02,23,10,10,22,    0.18,   18.16, 1020.00,   -58.1,   37.99,1C89
SD20,26,02,23,10,30,22,    0.18,   18.21, 1019.93,   -57.5,   38.02,AA59
SD20,26,02,23,10,40,22,    0.18,   18.22, 1020.06,   -58.6,   38.00,642A
SD20,26,02,23,10,50,22,    0.18,   18.23, 1020.00,   -58.1,   38.01,7799
SD20,26,02,23,11,00,22,    0.18,   18.24, 1020.60,   -63.1,   38.00,E910
SD20,26,02,23,11,20,22,    0.18,   18.28, 1020.62,   -63.3,   38.00,AE0F
SD20,26,02,23,11,30,22,    0.18,   18.29, 1020.57,   -62.9,   38.00,D080
SD20,26,02,23,11,40,22,    0.18,   18.32, 1020.65,   -63.5,   37.97,3333
SD20,26,02,23,11,50,22,    0.18,   18.33, 1020.53,   -62.5,   37.97,1154
SD20,26,02,23,12,10,22,    0.18,   18.36, 1020.30,   -60.6,   37.98,F320
SD20,26,02,23,12,20,22,    0.18,   18.36, 1020.34,   -61.0,   37.99,6EDF
SD20,26,02,23,12,30,22,    0.19,   18.38, 1020.45,   -61.9,   37.97,5E0D
SD20,26,02,23,12,40,22,    0.18,   18.39, 1020.43,   -61.7,   38.00,0B27
SD20,26,02,23,13,00,22,    0.19,   18.41, 1020.52,   -62.5,   37.97,448B
SD20,26,02,23,13,10,22,    0.19,   18.42, 1020.12,   -59.1,   37.99,5D5C
SD20,26,02,23,13,20,22,    0.19,   18.42, 1020.42,   -61.6,   38.04,01F4
SD20,26,02,23,13,40,22,    0.19,   18.44, 1020.59,   -63.0,   38.06,A123
SD20,26,02,23,13,50,22,    0.19,   18.44, 1020.28,   -60.5,   38.06,9FC8
SD20,26,02,23,14,00,22,    0.19,   18.44, 1020.45,   -61.9,   38.05,2488
SD20,26,02,23,14,10,22,    0.19,   18.44, 1020.21,   -59.8,   38.06,61A2
SD20,26,02,23,14,30,22,    0.19,   18.45, 1020.10,   -58.9,   38.11,71A7
SD20,26,02,23,14,40,22,    0.19,   18.45, 1019.99,   -58.1,   38.09,C381
SD20,26,02,23,14,50,22,    0.19,   18.45, 1020.02,   -58.3,   38.11,4401
SD20,26,02,23,15,00,22,    0.19,   18.46, 1020.71,   -64.0,   38.11,2393
SD20,26,02,23,15,20,22,    0.19,   18.46, 1020.39,   -61.4,   38.13,069C
SD20,26,02,23,15,30,22,    0.19,   18.46, 1020.29,   -60.5,   38.14,93A4
SD20,26,02,23,15,40,22,    0.19,   18.46, 1020.26,   -60.3,   38.13,031F
SD20,26,02,23,15,50,22,    0.19,   18.46, 1020.38,   -61.3,   38.15,7D4C
SD20,26,02,23,16,10,22,    0.19,   18.47, 1020.44,   -61.8,   38.13,1E45
SD20,26,02,23,16,20,22,    0.19,   18.46, 1020.12,   -59.2,   38.17,65D1
SD20,26,02,23,16,30,22,    0.19,   18.44, 1020.27,   -60.4,   38.20,AFA2
SD20,26,02,23,16,40,22,    0.19,   18.46, 1020.20,   -59.8,   38.18,FB84
SD20,26,02,23,16,50,22,    0.19,   18.45, 1020.11,   -59.1,   38.21,7C7B
SD20,26,02,23,17,10,22,    0.19,   18.44, 1020.17,   -59.6,   38.23,F0F9
SD20,26,02,23,17,20,22,    0.19,   18.43, 1020.40,   -61.4,   38.26,2D77
SD20,26,02,23,17,30,22,    0.19,   18.42, 1020.26,   -60.3,   38.24,F282
SD20,26,02,23,17,40,22,    0.18,   18.42, 1020.18,   -59.6,   38.26,99BF
SD20,26,02,23,18,00,22,    0.19,   18.42, 1020.28,   -60.5,   38.26,0961
SD20,26,02,23,18,10,22,    0.19,   18.41, 1020.45,   -61.9,   38.28,5B0C
SD20,26,02,23,18,20,22,    0.19,   18.40, 1020.46,   -62.0,   38.31,0160
SD20,26,02,23,18,30,22,    0.18,   18.42, 1020.48,   -62.1,   38.27,15A9
SD20,26,02,23,18,50,22,    0.18,   18.42, 1020.35,   -61.0,   38.27,DC08
SD20,26,02,23,19,00,22,    0.19,   18.42, 1020.30,   -60.6,   38.27,A519
SD20,26,02,23,19,10,22,    0.19,   18.38, 1020.28,   -60.5,   38.30,661F
SD20,26,02,23,19,30,22,    0.19,   18.40, 1020.34,   -60.9,   38.32,0D5B
SD20,26,02,23,19,40,22,    0.18,   18.41, 1020.39,   -61.4,   38.28,3C80
SD20,26,02,23,19,50,22,    0.18,   18.38, 1020.13,   -59.2,   38.30,E419
SD20,26,02,23,20,00,22,    0.19,   18.38, 1020.07,   -58.7,   38.36,24FD
SD20,26,02,23,20,10,22,    0.19,   18.38, 1020.00,   -58.1,   38.32,D5A7
SD20,26,02,23,20,20,22,    0.19,   18.39, 1019.90,   -57.3,   38.34,1C26
SD20,26,02,23,20,30,22,    0.18,   18.38, 1019.85,   -56.9,   38.33,A468
SD20,26,02,23,20,40,22,    0.18,   18.37, 1020.07,   -58.7,   38.33,3B59
SD20,26,02,23,20,50,22,    0.18,   18.37, 1020.02,   -58.3,   38.37,01D6
SD20,26,02,23,21,10,22,    0.18,   18.37, 1020.19,   -59.7,   38.33,61BD
SD20,26,02,23,21,20,22,    0.18,   18.34, 1020.21,   -59.9,   38.32,1FEA
SD20,26,02,23,21,30,22,    0.18,   18.36, 1020.13,   -59.2,   38.30,133F
SD20,26,02,23,21,40,22,    0.18,   18.35, 1020.22,   -59.9,   38.34,9274
SD20,26,02,23,21,50,22,    0.18,   18.33, 1020.24,   -60.1,   38.32,A209
SD20,26,02,23,22,00,22,    0.18,   18.32, 1020.17,   -59.6,   38.34,E73B
SD20,26,02,23,22,10,22,    0.18,   18.32, 1020.29,   -60.5,   38.37,2353
SD20,26,02,23,22,20,22,    0.18,   18.30, 1020.11,   -59.0,   38.37,873D
SD20,26,02,23,22,30,22,    0.18,   18.29, 1020.10,   -58.9,   38.34,9224
SD20,26,02,23,22,40,22,    0.18,   18.29, 1020.09,   -58.8,   38.38,9F84
SD20,26,02,23,22,50,22,    0.18,   18.29, 1019.99,   -58.0,   38.36,64C3
SD20,26,02,23,23,00,22,    0.18,   18.28, 1020.04,   -58.5,   38.36,B73A
SD20,26,02,23,23,10,22,    0.18,   18.27, 1020.03,   -58.4,   38.37,950F
SD20,26,02,23,23,20,22,    0.18,   18.27, 1020.07,   -58.9,   38.41,8BE0
SD20,26,02,23,23,40,22,    0.18,   18.24, 1019.82,   -56.6,   38.38,3BD6
SD20,26,02,23,23,50,22,    0.18,   18.21, 1019.80,   -56.5,   38.39,5C15
SD20,26,02,24,00,00,22,    0.18,   18.18, 1019.66,   -55.3,   38.42,B1B4
SD20,26,02,24,00,10,22,    0.18,   18.17, 1019.64,   -55.2,   38.42,43CF
SD20,26,02,24,00,30,22,    0.18,   18.11, 1019.39,   -53.0,   38.45,93FB
SD20,26,02,24,00,40,22,    0.18,   18.10, 1019.24,   -51.9,   38.46,8007
SD20,26,02,24,00,50,22,    0.18,   18.08, 1019.25,   -51.9,   38.49,1F31
SD20,26,02,24,01,00,22,    0.18,   18.04, 1019.10,   -50.7,   38.50,C78A
SD20,26,02,24,01,20,22,    0.18,   18.00, 1018.96,   -49.5,   38.54,F26F
SD20,26,02,24,01,30,22,    0.18,   17.97, 1018.82,   -48.4,   38.57,BAC9
SD20,26,02,24,01,40,22,    0.18,   17.95, 1018.90,   -49.0,   38.57,2CE8
SD20,26,02,24,01,50,22,    0.18,   17.93, 1018.79,   -48.1,   38.59,4FA2
SD20,26,02,24,02,00,22,    0.18,   17.90, 1018.56,   -46.2,   38.59,F9B4
SD20,26,02,24,02,10,22,    0.18,   17.87, 1018.60,   -46.5,   38.61,6CFD
SD20,26,02,24,02,20,22,    0.18,   17.84, 1018.59,   -46.4,   38.60,AC2A
SD20,26,02,24,02,30,22,    0.18,   17.82, 1018.50,   -45.7,   38.63,8049
SD20,26,02,24,02,40,23,    0.18,   17.80, 1018.36,   -44.6,   38.64,145F
SD20,26,02,24,03,00,22,    0.18,   17.73, 1018.30,   -44.1,   38.66,D377
SD20,26,02,24,03,10,22,    0.18,   17.71, 1018.32,   -44.2,   38.65,2026
SD20,26,02,24,03,20,22,    0.18,   17.68, 1018.25,   -43.6,   38.65,243D
SD20,26,02,24,03,30,22,    0.18,   17.66, 1018.27,   -43.8,   38.67,CBF1
SD20,26,02,24,03,40,22,    0.18,   17.64, 1018.26,   -43.7,   38.67,49E4
SD20,26,02,24,03,50,22,    0.18,   17.61, 1018.04,   -41.9,   38.69,2492
SD20,26,02,24,04,00,22,    0.18,   17.58, 1017.78,   -39.7,   38.70,16DB
SD20,26,02,24,04,10,22,    0.18,   17.57, 1017.69,   -39.0,   38.69,13DF
SD20,26,02,24,04,20,22,    0.18,   17.54, 1017.59,   -38.1,   38.68,1E61
SD20,26,02,24,04,30,22,    0.18,   17.51, 1017.53,   -37.7,   38.71,32DE
SD20,26,02,24,04,40,22,    0.18,   17.49, 1017.44,   -36.9,   38.71,4A98
SD20,26,02,24,04,50,22,    0.17,   17.46, 1017.49,   -37.4,   38.71,F055
SD20,26,02,24,05,00,22,    0.18,   17.43, 1017.36,   -36.2,   38.71,7A21
SD20,26,02,24,05,10,22,    0.18,   17.41, 1017.30,   -35.7,   38.73,52DC
SD20,26,02,24,05,20,22,    0.17,   17.39, 1017.19,   -34.8,   38.71,068A
SD20,26,02,24,05,30,22,    0.17,   17.35, 1017.05,   -33.7,   38.71,B96D
SD20,26,02,24,05,40,22,    0.17,   17.33, 1016.82,   -31.8,   38.71,5592
SD20,26,02,24,06,00,22,    0.17,   17.28, 1016.68,   -30.6,   38.70,CB6E
SD20,26,02,24,06,10,22,    0.17,   17.26, 1016.64,   -30.3,   38.70,98A7
SD20,26,02,24,06,20,22,    0.17,   17.24, 1016.72,   -30.9,   38.70,CFBE
SD20,26,02,24,06,30,22,    0.17,   17.21, 1016.83,   -31.9,   38.70,3EF6
SD20,26,02,24,06,40,22,    0.17,   17.18, 1016.76,   -31.3,   38.71,FB1B
SD20,26,02,24,06,50,22,    0.17,   17.15, 1016.75,   -31.1,   38.70,86F5
SD20,26,02,24,07,00,22,    0.17,   17.13, 1016.77,   -31.3,   38.69,08FC
SD20,26,02,24,07,10,22,    0.17,   17.10, 1016.70,   -30.8,   38.69,5A8A
SD20,26,02,24,07,20,22,    0.17,   17.08, 1016.78,   -31.4,   38.69,63C4
SD20,26,02,24,07,30,22,    0.17,   17.07, 1016.81,   -31.7,   38.64,62CA
SD20,26,02,24,07,40,22,    0.17,   17.06, 1016.79,   -31.5,   38.63,1D3F
SD20,26,02,24,07,50,22,    0.17,   17.04, 1016.85,   -32.0,   38.61,25EB
SD20,26,02,24,08,00,22,    0.17,   17.02, 1016.77,   -31.4,   38.61,F1E2
SD20,26,02,24,08,10,22,    0.17,   17.01, 1016.80,   -31.6,   38.60,69F7
SD20,26,02,24,08,20,22,    0.17,   16.99, 1016.88,   -32.3,   38.60,B106
SD20,26,02,24,08,30,22,    0.17,   16.99, 1016.83,   -32.1,   38.58,6653
SD20,26,02,24,08,40,22,    0.17,   17.02, 1016.76,   -31.3,   38.41,8261
SD20,26,02,24,08,50,22,    0.17,   17.09, 1016.73,   -31.0,   38.28,A373
SD20,26,02,24,09,00,22,    0.17,   17.13, 1016.70,   -30.8,   38.22,30C7
SD20,26,02,24,09,20,22,    0.17,   17.20, 1016.65,   -30.4,   38.16,F2DF
SD20,26,02,24,09,30,22,    0.17,   17.23, 1016.60,   -30.0,   38.13,FA6A
SD20,26,02,24,09,40,22,    0.17,   17.25, 1016.65,   -30.3,   38.12,9DB0
SD20,26,02,24,09,50,22,    0.17,   17.27, 1016.62,   -30.1,   38.12,0084
SD20,26,02,24,10,10,22,    0.17,   17.29, 1016.61,   -30.0,   38.13,6DFA
SD20,26,02,24,10,20,22,    0.17,   17.30, 1016.59,   -29.8,   38.16,14E0
SD20,26,02,24,10,30,22,    0.17,   17.31, 1016.46,   -28.8,   38.13,FAB5
SD20,26,02,24,10,40,22,    0.17,   17.32, 1016.43,   -28.5,   38.15,549F
SD20,26,02,24,10,50,22,    0.17,   17.31, 1016.36,   -27.9,   38.16,9CD0
SD20,26,02,24,11,00,22,    0.17,   17.32, 1016.36,   -27.9,   38.17,6488
SD20,26,02,24,11,10,22,    0.17,   17.33, 1016.41,   -28.4,   38.17,BB56
SD20,26,02,24,11,20,22,    0.17,   17.34, 1016.38,   -28.1,   38.19,AEB8
SD20,26,02,24,11,30,22,    0.17,   17.33, 1016.34,   -27.8,   38.20,2B13
SD20,26,02,24,11,40,22,    0.18,   17.35, 1016.29,   -27.4,   38.21,6409
SD20,26,02,24,11,50,22,    0.17,   17.34, 1016.16,   -26.3,   38.21,2C65
SD20,26,02,24,12,00,22,    0.17,   17.35, 1016.12,   -25.9,   38.23,640E
SD20,26,02,24,12,10,22,    0.18,   17.35, 1016.01,   -25.0,   38.24,83B2
SD20,26,02,24,12,20,22,    0.17,   17.36, 1015.87,   -23.9,   38.23,346A
SD20,26,02,24,12,30,22,    0.17,   17.36, 1015.72,   -22.6,   38.24,0257
SD20,26,02,24,12,40,22,    0.17,   17.37, 1015.64,   -22.0,   38.29,D03D
SD20,26,02,24,12,50,22,    0.17,   17.35, 1015.52,   -20.9,   38.32,ADF9
SD20,26,02,24,13,00,22,    0.17,   17.36, 1015.47,   -20.6,   38.29,30E0
SD20,26,02,24,13,10,22,    0.18,   17.37, 1015.41,   -20.1,   38.30,5676
SD20,26,02,24,13,30,22,    0.17,   17.35, 1015.26,   -18.8,   38.33,19C3
SD20,26,02,24,13,40,22,    0.18,   17.36, 1015.20,   -18.3,   38.36,8627
SD20,26,02,24,13,50,22,    0.17,   17.35, 1015.05,   -17.1,   38.35,64E3
SD20,26,02,24,14,00,22,    0.18,   17.34, 1014.84,   -15.3,   38.36,6558
SD20,26,02,24,14,10,22,    0.18,   17.37, 1014.83,   -15.2,   38.38,537F
SD20,26,02,24,14,20,22,    0.17,   17.36, 1014.81,   -15.1,   38.38,B72C
SD20,26,02,24,14,30,22,    0.18,   17.38, 1014.85,   -15.4,   38.40,9ED9
SD20,26,02,24,14,40,22,    0.18,   17.37, 1014.81,   -15.2,   38.38,7D87
SD20,26,02,24,14,50,22,    0.18,   17.38, 1014.77,   -14.7,   38.40,87DB
SD20,26,02,24,15,00,22,    0.18,   17.40, 1014.81,   -15.0,   38.42,F4D3
SD20,26,02,24,15,10,22,    0.18,   17.40, 1014.83,   -15.2,   38.42,7B75
SD20,26,02,24,15,20,22,    0.17,   17.40, 1014.78,   -14.8,   38.43,2DA9
SD20,26,02,24,15,30,22,    0.17,   17.41, 1014.68,   -14.0,   38.45,44E2
SD20,26,02,24,15,40,22,    0.18,   17.42, 1014.51,   -12.6,   38.43,7125
SD20,26,02,24,15,50,22,    0.18,   17.42, 1014.34,   -11.2,   38.45,3E1B
SD20,26,02,24,16,00,22,    0.18,   17.44, 1014.31,   -10.9,   38.44,B6EF
SD20,26,02,24,16,10,22,    0.18,   17.45, 1014.24,   -10.3,   38.46,50AC
SD20,26,02,24,16,20,22,    0.18,   17.45, 1014.09,    -9.1,   38.45,00D9
SD20,26,02,24,16,30,22,    0.18,   17.45, 1014.07,    -8.9,   38.46,F607
SD20,26,02,24,16,40,22,    0.18,   17.46, 1013.96,    -8.0,   38.46,4490
SD20,26,02,24,16,50,22,    0.18,   17.46, 1013.98,    -8.2,   38.50,3DD5
SD20,26,02,24,17,00,22,    0.18,   17.46, 1013.97,    -8.1,   38.48,0474
SD20,26,02,24,17,10,22,    0.18,   17.47, 1014.01,    -8.2,   38.44,014C
SD20,26,02,24,17,20,22,    0.18,   17.48, 1014.10,    -9.2,   38.52,F04E
SD20,26,02,24,17,40,22,    0.18,   17.49, 1014.15,    -9.6,   38.52,3B9B
SD20,26,02,24,17,50,22,    0.18,   17.49, 1014.11,    -9.2,   38.58,17A8
SD20,26,02,24,18,00,22,    0.18,   17.50, 1014.05,    -8.8,   38.52,5744
SD20,26,02,24,18,10,22,    0.18,   17.51, 1014.19,    -9.9,   38.51,952B
SD20,26,02,24,18,30,22,    0.18,   17.53, 1014.26,   -10.5,   38.51,C879
SD20,26,02,24,18,40,22,    0.18,   17.53, 1014.34,   -11.1,   38.50,9C84
SD20,26,02,24,18,50,22,    0.18,   17.53, 1014.38,   -11.5,   38.50,E2C5
SD20,26,02,24,19,00,22,    0.18,   17.55, 1014.47,   -12.3,   38.49,A568
SD20,26,02,24,19,20,22,    0.18,   17.57, 1014.52,   -12.7,   38.48,889C
SD20,26,02,24,19,30,22,    0.18,   17.57, 1014.51,   -12.6,   38.47,5A4D
SD20,26,02,24,19,40,22,    0.18,   17.58, 1014.56,   -13.0,   38.49,8D93
SD20,26,02,24,19,50,22,    0.18,   17.58, 1014.63,   -13.6,   38.49,B550
SD20,26,02,24,20,00,22,    0.18,   17.58, 1014.57,   -13.1,   38.48,56A5
SD20,26,02,24,20,10,22,    0.18,   17.59, 1014.57,   -13.1,   38.49,D101
SD20,26,02,24,20,20,22,    0.18,   17.60, 1014.62,   -13.5,   38.47,FE88
SD20,26,02,24,20,30,22,    0.18,   17.61, 1014.63,   -13.6,   38.47,0754
SD20,26,02,24,20,40,22,    0.18,   17.60, 1014.70,   -14.1,   38.48,4262
SD20,26,02,24,20,50,22,    0.18,   17.61, 1014.68,   -14.0,   38.49,75C0
SD20,26,02,24,21,00,22,    0.18,   17.63, 1014.78,   -14.8,   38.46,2909
SD20,26,02,24,21,10,22,    0.18,   17.62, 1014.81,   -15.0,   38.46,348D
SD20,26,02,24,21,20,22,    0.18,   17.63, 1014.93,   -16.0,   38.45,2C98
SD20,26,02,24,21,30,22,    0.18,   17.65, 1015.04,   -16.9,   38.46,B2FB
SD20,26,02,24,21,50,22,    0.18,   17.64, 1015.14,   -17.8,   38.48,A0C5
SD20,26,02,24,22,00,22,    0.18,   17.65, 1015.25,   -18.7,   38.48,8471
SD20,26,02,24,22,10,22,    0.18,   17.66, 1015.40,   -20.0,   38.43,8DBE
SD20,26,02,24,22,20,22,    0.18,   17.65, 1015.52,   -21.0,   38.48,6729
SD20,26,02,24,22,40,22,    0.18,   17.67, 1015.66,   -22.1,   38.47,A0EA
SD20,26,02,24,22,50,22,    0.18,   17.68, 1015.68,   -22.3,   38.45,277C
SD20,26,02,24,23,00,22,    0.18,   17.67, 1015.68,   -22.3,   38.47,8E5B
SD20,26,02,24,23,10,22,    0.18,   17.67, 1015.66,   -22.2,   38.47,1272
SD20,26,02,24,23,30,22,    0.18,   17.67, 1015.64,   -21.9,   38.49,C72C
SD20,26,02,24,23,40,22,    0.18,   17.65, 1015.77,   -23.0,   38.51,3E02
SD20,26,02,24,23,50,22,    0.18,   17.64, 1015.73,   -22.7,   38.51,3085
SD20,26,02,25,00,00,22,    0.18,   17.63, 1015.77,   -23.0,   38.53,B296
SD20,26,02,25,00,10,22,    0.18,   17.62, 1015.84,   -23.6,   38.50,3A87
SD20,26,02,25,00,20,22,    0.18,   17.60, 1015.91,   -24.2,   38.54,66FD
SD20,26,02,25,00,30,22,    0.18,   17.58, 1016.05,   -25.3,   38.54,3003
SD20,26,02,25,00,40,22,    0.18,   17.58, 1016.21,   -26.7,   38.56,68FA
SD20,26,02,25,00,50,22,    0.18,   17.56, 1016.14,   -26.1,   38.56,A5F8
SD20,26,02,25,01,00,22,    0.18,   17.53, 1016.16,   -26.3,   38.58,845D
SD20,26,02,25,01,10,22,    0.18,   17.53, 1016.32,   -27.6,   38.57,717C
SD20,26,02,25,01,20,22,    0.18,   17.50, 1016.46,   -28.7,   38.59,59BA
SD20,26,02,25,01,30,22,    0.18,   17.50, 1016.67,   -30.5,   38.61,93C6
SD20,26,02,25,01,40,22,    0.18,   17.47, 1016.72,   -30.9,   38.63,0673
SD20,26,02,25,01,50,22,    0.18,   17.46, 1016.97,   -33.0,   38.63,F7FB
SD20,26,02,25,02,00,22,    0.18,   17.44, 1016.92,   -32.6,   38.62,A774
SD20,26,02,25,02,10,22,    0.18,   17.42, 1016.92,   -32.6,   38.63,D220
SD20,26,02,25,02,20,22,    0.18,   17.40, 1016.86,   -32.1,   38.65,6F79
SD20,26,02,25,02,30,22,    0.17,   17.38, 1016.98,   -33.1,   38.66,EDE9
SD20,26,02,25,02,50,22,    0.17,   17.34, 1016.85,   -32.0,   38.67,45E5
SD20,26,02,25,03,00,22,    0.17,   17.31, 1016.95,   -32.8,   38.68,EBDC
SD20,26,02,25,03,10,22,    0.17,   17.30, 1017.01,   -33.3,   38.69,5A28
SD20,26,02,25,03,20,22,    0.17,   17.28, 1017.09,   -34.0,   38.70,EA96
SD20,26,02,25,03,30,22,    0.17,   17.26, 1017.18,   -34.8,   38.71,2ADE
SD20,26,02,25,03,40,22,    0.17,   17.23, 1017.35,   -36.1,   38.73,97D3
SD20,26,02,25,03,50,22,    0.17,   17.22, 1017.38,   -36.4,   38.74,6D19
SD20,26,02,25,04,00,22,    0.17,   17.20, 1017.34,   -36.1,   38.74,A486
SD20,26,02,25,04,10,22,    0.17,   17.18, 1017.43,   -36.8,   38.75,C46C
SD20,26,02,25,04,30,22,    0.17,   17.13, 1017.52,   -37.6,   38.78,3A56
SD20,26,02,25,04,40,22,    0.17,   17.12, 1017.61,   -38.3,   38.78,7F7A
SD20,26,02,25,04,50,22,    0.17,   17.10, 1017.55,   -37.8,   38.78,6935
SD20,26,02,25,05,00,22,    0.17,   17.08, 1017.69,   -39.0,   38.79,4D5F
SD20,26,02,25,05,20,22,    0.17,   17.02, 1017.85,   -40.3,   38.79,FD33
SD20,26,02,25,05,30,22,    0.17,   17.00, 1017.78,   -39.7,   38.81,1A7D
SD20,26,02,25,05,40,22,    0.17,   16.98, 1017.87,   -40.5,   38.82,00FA
SD20,26,02,25,05,50,22,    0.17,   16.97, 1017.96,   -41.2,   38.82,CD35
SD20,26,02,25,06,10,22,    0.17,   16.94, 1017.97,   -41.3,   38.81,F55F
SD20,26,02,25,06,20,22,    0.17,   16.91, 1017.94,   -41.0,   38.82,49AB
SD20,26,02,25,06,30,22,    0.17,   16.88, 1017.94,   -41.1,   38.83,E88E
SD20,26,02,25,06,40,22,    0.17,   16.87, 1018.01,   -41.7,   38.82,28C0
SD20,26,02,25,07,00,22,    0.17,   16.82, 1018.19,   -43.1,   38.84,1C17
SD20,26,02,25,07,10,22,    0.17,   16.80, 1018.34,   -44.4,   38.84,0F84
SD20,26,02,25,07,20,22,    0.17,   16.79, 1018.50,   -45.7,   38.84,84A6
SD20,26,02,25,07,40,22,    0.17,   16.75, 1018.70,   -47.3,   38.85,5AFC
SD20,26,02,25,07,50,22,    0.17,   16.74, 1018.90,   -49.0,   38.85,01A2
SD20,26,02,25,08,00,22,    0.17,   16.73, 1019.05,   -50.3,   38.83,6DCF
SD20,26,02,25,08,10,22,    0.17,   16.70, 1019.10,   -50.7,   38.84,D6EE
SD20,26,02,25,08,20,22,    0.17,   16.69, 1019.13,   -50.9,   38.85,2ACB
SD20,26,02,25,08,30,22,    0.17,   16.68, 1019.25,   -51.9,   38.84,3B9D
SD20,26,02,25,08,40,22,    0.17,   16.68, 1019.26,   -52.0,   38.75,0252
SD20,26,02,25,08,50,22,    0.17,   16.76, 1019.38,   -53.0,   38.60,E2BC
SD20,26,02,25,09,00,22,    0.17,   16.82, 1019.56,   -54.5,   38.53,3FE0
SD20,26,02,25,09,10,22,    0.17,   16.86, 1019.64,   -55.2,   38.46,292E
SD20,26,02,25,09,30,22,    0.17,   16.95, 1019.88,   -57.1,   38.41,BA02
SD20,26,02,25,09,40,22,    0.17,   16.99, 1020.06,   -58.6,   38.38,4FE1
SD20,26,02,25,09,50,22,    0.17,   17.02, 1020.10,   -59.0,   38.38,3924
SD20,26,02,25,10,00,22,    0.17,   17.07, 1020.21,   -59.8,   38.38,AA5E
SD20,26,02,25,10,20,22,    0.17,   17.14, 1020.24,   -60.2,   38.38,0874
SD20,26,02,25,10,30,22,    0.17,   17.17, 1020.39,   -61.3,   38.36,7819
SD20,26,02,25,10,40,22,    0.17,   17.20, 1020.47,   -62.0,   38.35,B72F
SD20,26,02,25,10,50,22,    0.17,   17.22, 1020.52,   -62.4,   38.34,564E
SD20,26,02,25,11,10,22,    0.17,   17.29, 1020.69,   -63.9,   38.32,6791
SD20,26,02,25,11,20,22,    0.17,   17.32, 1020.64,   -63.4,   38.33,12B0
SD20,26,02,25,11,30,22,    0.17,   17.34, 1020.65,   -63.5,   38.33,B92F
SD20,26,02,25,11,50,22,    0.17,   17.39, 1020.77,   -64.5,   38.35,1AD0
SD20,26,02,25,12,00,22,    0.18,   17.40, 1020.84,   -65.0,   38.32,E162
SD20,26,02,25,12,10,22,    0.17,   17.44, 1020.94,   -65.9,   38.35,ABF0
SD20,26,02,25,12,20,22,    0.18,   17.46, 1020.83,   -65.0,   38.34,492D
SD20,26,02,25,12,30,22,    0.18,   17.47, 1020.88,   -65.4,   38.37,1AC0
SD20,26,02,25,12,50,22,    0.18,   17.51, 1020.76,   -64.4,   38.39,384B
SD20,26,02,25,13,00,22,    0.18,   17.54, 1020.86,   -65.3,   38.39,5B1C
SD20,26,02,25,13,10,22,    0.18,   17.56, 1020.76,   -64.4,   38.42,1DC0
SD20,26,02,25,13,20,22,    0.18,   17.57, 1020.71,   -64.0,   38.42,F8ED
SD20,26,02,25,13,40,22,    0.18,   17.60, 1020.84,   -65.1,   38.47,DF61
SD20,26,02,25,13,50,22,    0.18,   17.61, 1020.87,   -65.4,   38.46,8F1E
SD20,26,02,25,14,00,22,    0.18,   17.62, 1020.79,   -64.6,   38.52,8CDD
SD20,26,02,25,14,10,22,    0.18,   17.64, 1020.93,   -65.8,   38.50,7F1C
SD20,26,02,25,14,20,22,    0.18,   17.64, 1020.87,   -65.3,   38.50,6AC7
SD20,26,02,25,14,30,22,    0.18,   17.66, 1020.89,   -65.5,   38.53,7BED
SD20,26,02,25,14,40,22,    0.18,   17.67, 1020.84,   -65.1,   38.55,E354
SD20,26,02,25,14,50,22,    0.18,   17.67, 1020.88,   -65.4,   38.54,766D
SD20,26,02,25,15,00,22,    0.18,   17.67, 1020.91,   -65.7,   38.59,EF55
SD20,26,02,25,15,20,22,    0.18,   17.68, 1020.85,   -65.2,   38.59,E8A0
SD20,26,02,25,15,30,22,    0.18,   17.67, 1020.85,   -65.1,   38.59,D10E
SD20,26,02,25,15,40,22,    0.18,   17.68, 1020.90,   -65.6,   38.60,E5AD
SD20,26,02,25,15,50,22,    0.18,   17.69, 1020.94,   -65.9,   38.60,0CC7
SD20,26,02,25,16,10,22,    0.18,   17.69, 1020.92,   -65.7,   38.62,05BD
SD20,26,02,25,16,20,22,    0.18,   17.70, 1020.76,   -64.4,   38.63,0C62
SD20,26,02,25,16,30,22,    0.18,   17.71, 1020.76,   -64.4,   38.62,8BC6
SD20,26,02,25,16,40,22,    0.18,   17.71, 1020.89,   -65.5,   38.63,1BF3
SD20,26,02,25,17,00,22,    0.18,   17.69, 1020.99,   -66.3,   38.69,6F46
SD20,26,02,25,17,10,22,    0.18,   17.71, 1020.96,   -66.1,   38.71,FE77
SD20,26,02,25,17,20,22,    0.18,   17.71, 1020.99,   -66.3,   38.72,F2A2
SD20,26,02,25,17,30,22,    0.18,   17.69, 1020.94,   -65.9,   38.74,71E1
SD20,26,02,25,17,50,22,    0.18,   17.70, 1020.87,   -65.3,   38.73,E64D
SD20,26,02,25,18,00,22,    0.18,   17.71, 1020.83,   -65.0,   38.73,5DF0
SD20,26,02,25,18,10,22,    0.18,   17.72, 1020.96,   -66.1,   38.73,39ED
SD20,26,02,25,18,30,22,    0.18,   17.72, 1021.06,   -66.9,   38.78,B0F4
SD20,26,02,25,18,40,22,    0.18,   17.73, 1021.04,   -66.7,   38.74,F01B
SD20,26,02,25,18,50,22,    0.18,   17.72, 1020.88,   -65.4,   38.76,54BB
SD20,26,02,25,19,00,22,    0.18,   17.71, 1020.97,   -66.1,   38.81,8C89
SD20,26,02,25,19,10,22,    0.18,   17.71, 1020.98,   -66.3,   38.79,F871
SD20,26,02,25,19,30,22,    0.18,   17.74, 1020.98,   -66.2,   38.79,ABC3
SD20,26,02,25,19,40,22,    0.18,   17.73, 1020.76,   -64.4,   38.80,6AC3
SD20,26,02,25,19,50,22,    0.18,   17.73, 1020.72,   -64.1,   38.80,7172
SD20,26,02,25,20,10,22,    0.18,   17.76, 1020.81,   -64.8,   38.80,9576
SD20,26,02,25,20,20,22,    0.18,   17.75, 1020.88,   -65.4,   38.79,F0E1
SD20,26,02,25,20,30,22,    0.18,   17.75, 1021.04,   -66.7,   38.82,320E
SD20,26,02,25,20,40,22,    0.18,   17.75, 1021.05,   -66.8,   38.83,72C7
SD20,26,02,25,20,50,22,    0.18,   17.77, 1021.12,   -67.4,   38.81,4A7E
SD20,26,02,25,21,10,22,    0.18,   17.76, 1021.11,   -67.3,   38.85,8F25
SD20,26,02,25,21,20,22,    0.18,   17.77, 1021.11,   -67.3,   38.83,19F0
SD20,26,02,25,21,30,22,    0.18,   17.76, 1021.27,   -68.7,   38.86,1114
SD20,26,02,25,21,40,22,    0.18,   17.77, 1021.31,   -69.0,   38.86,2808
SD20,26,02,25,22,00,22,    0.18,   17.76, 1021.50,   -70.5,   38.87,3F84
SD20,26,02,25,22,10,22,    0.18,   17.75, 1021.65,   -71.8,   38.89,BA54
SD20,26,02,25,22,20,22,    0.18,   17.76, 1021.75,   -72.6,   38.89,3EE3
SD20,26,02,25,22,40,22,    0.18,   17.77, 1021.69,   -72.1,   38.90,5D98
SD20,26,02,25,22,50,22,    0.18,   17.74, 1021.61,   -71.5,   38.92,5DD9
SD20,26,02,25,23,00,22,    0.18,   17.76, 1021.74,   -72.5,   38.90,F918
SD20,26,02,25,23,10,22,    0.18,   17.77, 1021.69,   -72.1,   38.89,1A52
SD20,26,02,25,23,30,22,    0.18,   17.75, 1021.68,   -72.0,   38.96,A9AD
SD20,26,02,25,23,40,22,    0.18,   17.74, 1021.53,   -70.7,   38.97,892E
SD20,26,02,25,23,50,22,    0.18,   17.73, 1021.62,   -71.6,   38.99,DA00
SD20,26,02,26,00,00,22,    0.18,   17.71, 1021.72,   -72.4,   39.00,3048
SD20,26,02,26,00,10,22,    0.18,   17.69, 1021.95,   -74.3,   39.02,D15E
SD20,26,02,26,00,30,22,    0.18,   17.68, 1021.96,   -74.4,   39.04,7490
SD20,26,02,26,00,40,22,    0.18,   17.66, 1021.86,   -73.5,   39.06,EDFC
SD20,26,02,26,00,50,22,    0.18,   17.64, 1021.79,   -73.0,   39.06,223A
SD20,26,02,26,01,10,22,    0.18,   17.63, 1021.90,   -73.8,   39.07,546E
SD20,26,02,26,01,20,22,    0.18,   17.61, 1022.03,   -74.9,   39.09,B310
SD20,26,02,26,01,30,22,    0.18,   17.60, 1022.00,   -74.7,   39.09,0A2A
SD20,26,02,26,01,40,22,    0.18,   17.58, 1021.99,   -74.6,   39.09,CE7A
SD20,26,02,26,01,50,22,    0.18,   17.57, 1021.94,   -74.2,   39.09,80AF
SD20,26,02,26,02,10,22,    0.18,   17.55, 1022.20,   -76.4,   39.12,B8EE
SD20,26,02,26,02,20,22,    0.18,   17.53, 1022.07,   -75.3,   39.11,F6F2
SD20,26,02,26,02,30,22,    0.18,   17.53, 1021.97,   -74.5,   39.12,E6D8
SD20,26,02,26,02,40,22,    0.18,   17.51, 1021.90,   -73.9,   39.11,3EC6
SD20,26,02,26,03,00,22,    0.18,   17.49, 1022.10,   -75.5,   39.15,9E12
SD20,26,02,26,03,10,22,    0.18,   17.47, 1022.13,   -75.7,   39.16,8495
SD20,26,02,26,03,20,22,    0.18,   17.46, 1022.17,   -76.1,   39.15,0528
SD20,26,02,26,03,30,22,    0.18,   17.45, 1022.19,   -76.3,   39.16,B5A3
SD20,26,02,26,03,50,22,    0.18,   17.42, 1022.22,   -76.5,   39.17,81CA
SD20,26,02,26,04,00,22,    0.18,   17.42, 1022.26,   -76.8,   39.15,C0ED
SD20,26,02,26,04,10,22,    0.17,   17.41, 1022.26,   -76.8,   39.17,284B
SD20,26,02,26,04,30,22,    0.17,   17.40, 1022.22,   -76.5,   39.15,CB65
SD20,26,02,26,04,40,22,    0.17,   17.39, 1022.18,   -76.2,   39.16,FA7B
SD20,26,02,26,04,50,22,    0.17,   17.38, 1022.22,   -76.5,   39.19,CF89
SD20,26,02,26,05,00,22,    0.17,   17.37, 1022.18,   -76.2,   39.19,9195
SD20,26,02,26,05,20,22,    0.17,   17.35, 1022.33,   -77.4,   39.21,D451
SD20,26,02,26,05,30,22,    0.17,   17.34, 1022.15,   -75.9,   39.18,242D
SD20,26,02,26,05,40,22,    0.17,   17.31, 1022.00,   -74.7,   39.21,2910
SD20,26,02,26,05,50,22,    0.17,   17.30, 1021.79,   -72.9,   39.22,3A50
SD20,26,02,26,06,10,22,    0.17,   17.28, 1021.83,   -73.2,   39.24,60C8
SD20,26,02,26,06,20,22,    0.17,   17.27, 1021.78,   -72.9,   39.26,7595
SD20,26,02,26,06,30,22,    0.17,   17.24, 1021.65,   -71.8,   39.26,AC31
SD20,26,02,26,06,40,22,    0.17,   17.24, 1021.74,   -72.5,   39.27,5618
SD20,26,02,26,06,50,23,    0.17,   17.21, 1021.86,   -73.5,   39.30,9AC0
SD20,26,02,26,07,10,22,    0.17,   17.21, 1022.09,   -75.4,   39.30,DBDA
SD20,26,02,26,07,30,22,    0.17,   17.20, 1022.34,   -77.5,   39.29,4C00
SD20,26,02,26,07,40,22,    0.17,   17.20, 1022.42,   -78.2,   39.31,6324
SD20,26,02,26,07,50,22,    0.17,   17.19, 1022.53,   -79.0,   39.29,804B
SD20,26,02,26,08,00,22,    0.17,   17.19, 1022.54,   -79.1,   39.30,B8DE
SD20,26,02,26,08,20,22,    0.17,   17.19, 1022.60,   -79.7,   39.31,4A0A
SD20,26,02,26,08,30,22,    0.17,   17.18, 1022.58,   -79.5,   39.32,D8FD
SD20,26,02,26,08,40,22,    0.17,   17.16, 1022.49,   -78.7,   39.31,B082
SD20,26,02,26,08,50,22,    0.17,   17.20, 1022.61,   -79.7,   39.26,0076
SD20,26,02,26,09,10,22,    0.17,   17.30, 1022.59,   -79.6,   39.19,C5DD
SD20,26,02,26,09,20,22,    0.17,   17.33, 1022.76,   -81.0,   39.16,F7D3
SD20,26,02,26,09,30,22,    0.17,   17.36, 1022.90,   -82.1,   39.20,FA0D
SD20,26,02,26,09,40,22,    0.17,   17.39, 1022.96,   -82.6,   39.17,6682
SD20,26,02,26,09,50,22,    0.17,   17.42, 1022.82,   -81.5,   39.18,4F2B
SD20,26,02,26,10,00,22,    0.17,   17.45, 1022.88,   -81.9,   39.20,2155
SD20,26,02,26,10,10,22,    0.18,   17.47, 1023.09,   -83.7,   39.18,C9FC
SD20,26,02,26,10,20,22,    0.18,   17.49, 1023.19,   -84.5,   39.18,4FE5
SD20,26,02,26,10,30,22,    0.18,   17.52, 1023.11,   -83.8,   39.17,B85A
SD20,26,02,26,10,40,22,    0.18,   17.52, 1023.16,   -84.3,   39.18,FD79
SD20,26,02,26,10,50,22,    0.18,   17.55, 1023.22,   -84.8,   39.23,ACD3
SD20,26,02,26,11,00,22,    0.18,   17.56, 1023.19,   -84.5,   39.21,A70F
SD20,26,02,26,11,10,22,    0.18,   17.57, 1023.21,   -84.7,   39.19,B052
SD20,26,02,26,11,20,22,    0.18,   17.59, 1023.12,   -84.0,   39.22,15FF
SD20,26,02,26,11,40,22,    0.18,   17.62, 1023.08,   -83.6,   39.23,7AED
SD20,26,02,26,11,50,22,    0.18,   17.63, 1023.00,   -82.9,   39.21,DBF3
SD20,26,02,26,12,00,22,    0.18,   17.64, 1023.02,   -83.1,   39.23,0651
SD20,26,02,26,12,10,22,    0.18,   17.63, 1022.80,   -81.3,   39.23,5BBC
SD20,26,02,26,12,30,22,    0.18,   17.67, 1022.70,   -80.5,   39.25,F866
SD20,26,02,26,12,40,22,    0.18,   17.67, 1022.61,   -79.7,   39.24,938D
SD20,26,02,26,12,50,22,    0.18,   17.68, 1022.70,   -80.5,   39.27,1228
SD20,26,02,26,13,00,22,    0.18,   17.68, 1022.61,   -79.7,   39.28,5DD6
SD20,26,02,26,13,20,22,    0.18,   17.71, 1022.64,   -80.0,   39.30,7A11
SD20,26,02,26,13,30,22,    0.18,   17.72, 1022.63,   -79.9,   39.30,18E3
SD20,26,02,26,13,40,22,    0.18,   17.71, 1022.67,   -80.2,   39.32,6B1E
SD20,26,02,26,13,50,22,    0.18,   17.73, 1022.50,   -78.8,   39.37,555D
SD20,26,02,26,14,00,22,    0.18,   17.72, 1022.40,   -78.0,   39.35,6EA8
SD20,26,02,26,14,10,22,    0.18,   17.74, 1022.27,   -76.9,   39.32,1BC3
SD20,26,02,26,14,20,22,    0.18,   17.75, 1022.32,   -77.4,   39.33,4CEB
SD20,26,02,26,14,30,22,    0.18,   17.77, 1022.34,   -77.5,   39.33,9C96
SD20,26,02,26,14,40,22,    0.18,   17.77, 1022.52,   -79.0,   39.39,D2C6
SD20,26,02,26,15,00,22,    0.18,   17.78, 1022.45,   -78.4,   39.35,5556
SD20,26,02,26,15,10,22,    0.18,   17.80, 1022.45,   -78.4,   39.34,A266
SD20,26,02,26,15,20,22,    0.18,   17.82, 1022.48,   -78.7,   39.32,1384
SD20,26,02,26,15,30,22,    0.18,   17.81, 1022.54,   -79.1,   39.33,6FD9
SD20,26,02,26,15,40,22,    0.18,   17.82, 1022.73,   -80.7,   39.35,1E78
SD20,26,02,26,15,50,22,    0.18,   17.84, 1022.55,   -79.3,   39.62,A80E
SD20,26,02,26,16,00,22,    0.18,   17.87, 1022.48,   -78.7,   40.09,FDCD
SD20,26,02,26,16,10,22,    0.18,   18.16, 1022.32,   -77.4,   41.01,3931
SD20,26,02,26,16,20,22,    0.19,   19.52, 1022.33,   -77.4,   39.33,5F13
SD20,26,02,26,16,30,22,    0.20,   20.67, 1022.46,   -78.5,   37.14,26CC
SD20,26,02,26,16,40,22,    0.21,   21.32, 1022.54,   -79.1,   36.41,6CF7
SD20,26,02,26,16,50,22,    0.21,   21.94, 1022.48,   -78.7,   35.29,AF9B
SD20,26,02,26,17,00,22,    0.21,   22.11, 1022.61,   -79.7,   35.19,EA22
SD20,26,02,26,17,10,22,    0.22,   22.28, 1022.64,   -80.0,   35.04,D137
SD20,26,02,26,17,30,22,    0.22,   22.42, 1022.42,   -78.1,   34.88,612D
SD20,26,02,26,17,40,22,    0.22,   22.53, 1022.42,   -78.2,   34.75,773B
SD20,26,02,26,17,50,22,    0.22,   22.44, 1022.62,   -79.8,   35.32,DB32
SD20,26,02,26,18,00,22,    0.22,   22.46, 1022.68,   -80.3,   35.44,397B
SD20,26,02,26,18,20,22,    0.22,   22.66, 1022.76,   -80.9,   35.32,5B4D
SD20,26,02,26,18,30,22,    0.22,   22.72, 1022.87,   -81.9,   35.28,8B07
SD20,26,02,26,18,40,22,    0.22,   22.77, 1022.87,   -81.9,   35.27,555C
SD20,26,02,26,18,50,22,    0.22,   22.80, 1022.87,   -81.8,   35.37,7B03
SD20,26,02,26,19,10,22,    0.22,   22.92, 1022.99,   -82.8,   35.37,17A0
SD20,26,02,26,19,20,22,    0.22,   22.84, 1023.05,   -83.3,   35.61,1A83
SD20,26,02,26,19,30,22,    0.22,   22.88, 1023.10,   -83.8,   35.09,8D28
SD20,26,02,26,19,40,22,    0.22,   22.87, 1023.21,   -84.7,   35.44,F558
SD20,26,02,26,19,50,22,    0.23,   23.01, 1023.30,   -85.4,   35.30,D290
SD20,26,02,26,20,00,22,    0.23,   23.11, 1023.33,   -85.6,   35.19,B09F
SD20,26,02,26,20,10,22,    0.23,   23.18, 1023.41,   -86.4,   35.16,EE13
SD20,26,02,26,20,20,22,    0.23,   23.27, 1023.48,   -86.9,   35.05,FD69
SD20,26,02,26,20,30,22,    0.23,   23.29, 1023.64,   -88.2,   35.14,C627
SD20,26,02,26,20,40,22,    0.23,   23.25, 1023.76,   -89.2,   35.24,ADD0
SD20,26,02,26,20,50,22,    0.23,   23.27, 1023.92,   -90.5,   35.43,EA50
SD20,26,02,26,21,00,22,    0.23,   23.36, 1024.06,   -91.7,   35.31,38B5
SD20,26,02,26,21,10,22,    0.23,   23.38, 1024.05,   -91.6,   35.18,DB63
SD20,26,02,26,21,20,22,    0.23,   23.38, 1024.17,   -92.6,   35.10,EF6A
SD20,26,02,26,21,30,22,    0.23,   23.42, 1024.10,   -92.1,   35.13,6689
SD20,26,02,26,21,40,22,    0.23,   23.42, 1024.19,   -92.6,   35.33,6426
SD20,26,02,26,21,50,22,    0.23,   23.35, 1024.24,   -93.2,   35.41,2AD3
SD20,26,02,26,22,00,22,    0.23,   23.26, 1024.29,   -93.6,   35.44,1708
SD20,26,02,26,22,10,22,    0.23,   23.16, 1024.34,   -94.0,   35.45,CBA7
SD20,26,02,26,22,20,22,    0.23,   23.17, 1024.45,   -94.9,   35.75,E870
SD20,26,02,26,22,30,22,    0.23,   23.23, 1024.46,   -95.0,   35.65,1298
SD20,26,02,26,22,40,22,    0.23,   23.18, 1024.48,   -95.2,   35.41,3019
SD20,26,02,26,22,50,22,    0.23,   23.13, 1024.40,   -94.5,   35.47,F977
SD20,26,02,26,23,00,22,    0.23,   23.11, 1024.36,   -94.2,   35.33,163B
SD20,26,02,26,23,10,22,    0.23,   23.03, 1024.42,   -94.7,   35.36,030D
SD20,26,02,26,23,20,22,    0.23,   23.00, 1024.47,   -95.1,   35.36,997B
SD20,26,02,26,23,30,22,    0.23,   22.96, 1024.64,   -96.5,   35.36,BC45
SD20,26,02,26,23,40,22,    0.23,   22.94, 1024.66,   -96.6,   35.32,5F88
SD20,26,02,26,23,50,22,    0.22,   22.93, 1024.70,   -97.0,   35.31,8408
SD20,26,02,27,00,00,22,    0.22,   22.90, 1024.59,   -96.0,   35.31,5F34
SD20,26,02,27,00,10,22,    0.22,   22.89, 1024.60,   -96.1,   35.28,A6B9
SD20,26,02,27,00,20,22,    0.22,   22.88, 1024.79,   -98.0,   35.28,9B4E
SD20,26,02,27,00,30,22,    0.22,   22.86, 1024.80,   -97.8,   35.27,17E2
SD20,26,02,27,00,40,22,    0.22,   22.79, 1024.77,   -97.6,   35.31,281B
SD20,26,02,27,00,50,22,    0.22,   22.80, 1024.81,   -97.9,   35.28,613B
SD20,26,02,27,01,00,22,    0.22,   22.78, 1024.72,   -97.2,   35.26,4A73
SD20,26,02,27,01,10,22,    0.22,   22.77, 1024.79,   -97.8,   35.25,BF25
SD20,26,02,27,01,20,22,    0.22,   22.75, 1024.89,   -98.5,   35.24,9D48
SD20,26,02,27,01,30,22,    0.22,   22.75, 1024.77,   -97.6,   35.19,897A
SD20,26,02,27,01,40,22,    0.22,   22.75, 1024.82,   -98.0,   35.17,7222
SD20,26,02,27,01,50,22,    0.22,   22.71, 1024.84,   -98.1,   35.20,608E
SD20,26,02,27,02,00,22,    0.22,   22.71, 1024.93,   -98.9,   35.17,9A93
SD20,26,02,27,02,10,22,    0.22,   22.69, 1024.90,   -98.6,   35.13,390A
SD20,26,02,27,02,20,22,    0.22,   22.68, 1024.86,   -98.3,   35.10,B178
SD20,26,02,27,02,30,22,    0.22,   22.67, 1024.68,   -96.9,   35.08,DBAA
SD20,26,02,27,02,40,22,    0.22,   22.63, 1024.72,   -97.2,   35.09,4A26
SD20,26,02,27,02,50,22,    0.22,   22.65, 1024.68,   -96.8,   35.05,0D59
SD20,26,02,27,03,00,22,    0.22,   22.62, 1024.68,   -96.8,   35.02,AC5C
SD20,26,02,27,03,10,22,    0.22,   22.60, 1024.57,   -95.9,   35.03,6684
SD20,26,02,27,03,20,22,    0.22,   22.58, 1024.55,   -95.8,   35.02,C6F9
SD20,26,02,27,03,30,22,    0.22,   22.54, 1024.58,   -96.0,   35.03,867A
SD20,26,02,27,03,40,22,    0.22,   22.55, 1024.77,   -97.6,   35.00,D44D
SD20,26,02,27,03,50,22,    0.22,   22.55, 1024.78,   -97.7,   34.97,D080
SD20,26,02,27,04,00,22,    0.22,   22.50, 1024.83,   -98.1,   35.00,B1FF
SD20,26,02,27,04,20,22,    0.22,   22.49, 1024.97,   -99.2,   34.97,A4C3
SD20,26,02,27,04,30,22,    0.22,   22.46, 1024.75,   -97.4,   34.94,BD67
SD20,26,02,27,04,40,22,    0.22,   22.46, 1024.77,   -97.6,   34.93,225D
SD20,26,02,27,04,50,22,    0.22,   22.44, 1024.87,   -98.4,   34.93,30D4
SD20,26,02,27,05,00,22,    0.22,   22.43, 1024.70,   -97.0,   34.90,83EF
SD20,26,02,27,05,20,22,    0.22,   22.39, 1024.63,   -96.4,   34.89,20C1
SD20,26,02,27,05,30,22,    0.22,   22.38, 1024.58,   -96.0,   34.86,587A
SD20,26,02,27,05,40,22,    0.22,   22.38, 1024.68,   -96.8,   34.87,6A86
SD20,26,02,27,05,50,22,    0.22,   22.35, 1024.78,   -97.6,   34.87,19D0
SD20,26,02,27,06,00,22,    0.22,   22.32, 1025.01,   -99.5,   34.90,9876
SD20,26,02,27,06,10,22,    0.22,   22.31, 1025.00,   -99.5,   34.86,752B
SD20,26,02,27,06,20,22,    0.22,   22.32, 1024.91,   -98.7,   34.82,DB99
SD20,26,02,27,06,30,22,    0.22,   22.31, 1025.03,   -99.7,   34.78,0C95
SD20,26,02,27,06,50,22,    0.22,   22.28, 1024.93,   -98.9,   34.76,C12D
SD20,26,02,27,07,00,22,    0.22,   22.28, 1024.85,   -98.2,   34.75,EC34
SD20,26,02,27,07,10,22,    0.22,   22.27, 1024.94,   -98.9,   34.76,C202
SD20,26,02,27,07,20,22,    0.22,   22.25, 1025.01,   -99.5,   34.75,8077
SD20,26,02,27,07,40,22,    0.22,   22.24, 1025.16,  -100.8,   34.73,306E
SD20,26,02,27,07,50,22,    0.22,   22.24, 1025.14,  -100.6,   34.70,1952
SD20,26,02,27,08,00,22,    0.22,   22.24, 1025.22,  -101.3,   34.69,6E6B
SD20,26,02,27,08,10,22,    0.22,   22.22, 1025.46,  -103.2,   34.71,CEA2
SD20,26,02,27,08,30,22,    0.22,   22.24, 1025.56,  -104.1,   34.61,1466
SD20,26,02,27,08,40,22,    0.22,   22.21, 1025.80,  -106.0,   34.62,1D4E
SD20,26,02,27,08,50,22,    0.22,   22.23, 1025.77,  -105.8,   34.59,0EBE
SD20,26,02,27,09,00,22,    0.22,   22.21, 1025.76,  -105.8,   34.56,10BC
SD20,26,02,27,09,20,22,    0.22,   22.29, 1025.70,  -105.3,   34.84,2C60
SD20,26,02,27,09,30,22,    0.22,   22.66, 1025.81,  -106.1,   34.56,F128
SD20,26,02,27,09,40,22,    0.22,   22.82, 1025.84,  -106.6,   34.29,EE7D
SD20,26,02,27,09,50,22,    0.22,   22.58, 1025.76,  -105.7,   35.22,0578
SD20,26,02,27,10,10,22,    0.22,   22.46, 1025.62,  -104.6,   34.98,FFCF
SD20,26,02,27,10,20,22,    0.22,   22.38, 1025.37,  -102.5,   35.03,B75F
SD20,26,02,27,10,30,22,    0.22,   22.27, 1025.55,  -104.0,   35.19,969A
SD20,26,02,27,10,40,22,    0.22,   22.20, 1025.55,  -104.0,   35.30,7DEA
SD20,26,02,27,11,00,22,    0.21,   22.06, 1025.64,  -104.7,   35.26,31FC
SD20,26,02,27,11,10,22,    0.22,   21.93, 1025.69,  -105.1,   35.49,A9FC
SD20,26,02,27,11,20,22,    0.21,   21.90, 1025.58,  -104.2,   35.50,B257
SD20,26,02,27,11,30,22,    0.21,   21.89, 1025.62,  -104.5,   35.42,3801
SD20,26,02,27,11,50,22,    0.21,   21.80, 1025.66,  -104.9,   35.46,5FFA
SD20,26,02,27,12,00,22,    0.21,   21.80, 1025.76,  -105.7,   35.46,59AE
SD20,26,02,27,12,10,22,    0.21,   21.76, 1025.68,  -105.1,   35.35,9CBC
SD20,26,02,27,12,20,22,    0.21,   21.74, 1025.59,  -104.3,   35.27,4ECE
SD20,26,02,27,12,30,22,    0.21,   21.79, 1025.63,  -104.6,   34.94,C06E
SD20,26,02,27,12,40,22,    0.21,   21.75, 1025.47,  -103.3,   34.69,7D50
SD20,26,02,27,12,50,22,    0.21,   21.76, 1025.50,  -103.6,   34.86,E7F6
SD20,26,02,27,13,00,22,    0.21,   21.87, 1025.53,  -103.8,   34.58,C626
SD20,26,02,27,13,10,22,    0.22,   21.95, 1025.55,  -104.0,   34.49,9606
SD20,26,02,27,13,30,22,    0.22,   22.06, 1025.36,  -102.4,   34.38,5FE8
SD20,26,02,27,13,40,22,    0.22,   22.07, 1025.33,  -102.2,   34.35,06A1
SD20,26,02,27,13,50,22,    0.22,   22.10, 1025.43,  -103.0,   34.32,CCFA
SD20,26,02,27,14,10,22,    0.22,   22.13, 1025.22,  -101.2,   34.34,3A9D
SD20,26,02,27,14,20,22,    0.22,   22.02, 1025.14,  -100.6,   34.48,08B9
SD20,26,02,27,14,30,22,    0.22,   22.15, 1025.04,   -99.8,   35.12,8AFE
SD20,26,02,27,14,40,22,    0.22,   22.35, 1025.21,  -101.2,   35.19,8393
SD20,26,02,27,14,50,22,    0.22,   22.51, 1025.08,  -100.1,   35.25,103A
SD20,26,02,27,15,10,22,    0.22,   22.71, 1025.04,   -99.8,   35.52,949D
SD20,26,02,27,15,20,22,    0.22,   22.90, 1024.87,   -98.5,   35.31,ABEC
SD20,26,02,27,15,30,22,    0.22,   22.96, 1024.80,   -97.8,   34.80,E6D3
SD20,26,02,27,15,40,22,    0.22,   22.98, 1024.71,   -97.1,   35.10,6328
SD20,26,02,27,15,55,46,    0.21,   21.39, 1024.84,   -98.1,   38.16,367B
SD20,26,02,27,16,02,14,    0.20,   20.60, 1024.81,   -97.9,   41.21,C1B7
SD20,26,02,27,16,09,26,    0.19,   19.45, 1024.80,   -97.8,   43.39,2892
SD20,26,02,27,16,12,12,    0.19,   19.21, 1024.82,   -97.9,   41.18,8E66
SD20,26,02,27,16,22,12,    0.18,   18.55, 1024.80,   -97.8,   43.14,8149
SD20,26,02,27,16,32,12,    0.18,   18.39, 1024.79,   -97.7,   43.14,329B
SD20,26,02,27,16,42,13,    0.19,   18.64, 1024.74,   -97.3,   44.32,A3A0
SD20,26,02,27,17,02,12,    0.19,   19.04, 1024.74,   -97.4,   43.46,886A
SD20,26,02,27,17,12,12,    0.19,   19.12, 1024.67,   -96.7,   43.53,B96F
SD20,26,02,27,17,22,12,    0.19,   19.46, 1024.65,   -96.5,   42.48,212C
SD20,26,02,27,17,32,12,    0.19,   19.39, 1024.63,   -96.4,   42.56,2EF9
SD20,26,02,27,17,52,12,    0.19,   19.36, 1024.58,   -96.0,   42.55,2B96
SD20,26,02,27,18,02,12,    0.19,   19.29, 1024.63,   -96.4,   43.12,F1D5
SD20,26,02,27,18,12,12,    0.19,   19.41, 1024.73,   -97.2,   43.24,E6A4
SD20,26,02,27,18,16,14,    0.19,   19.39, 1024.71,   -97.1,   42.58,92C8
SD20,26,02,27,18,26,14,    0.19,   19.25, 1024.59,   -96.1,   43.35,7ED4
SD20,26,02,27,18,36,14,    0.19,   19.30, 1024.63,   -96.4,   43.14,5C1E
SD20,26,02,27,18,46,15,    0.19,   19.47, 1024.66,   -96.8,   43.54,5D5F
SD20,26,02,27,19,06,14,    0.21,   20.73, 1024.56,   -95.8,   40.71,221F
SD20,26,02,27,19,16,14,    0.21,   20.86, 1024.61,   -96.3,   40.34,C212
SD20,26,02,27,19,26,14,    0.21,   20.37, 1024.58,   -96.0,   41.76,2380
SD20,26,02,27,19,46,14,    0.20,   20.48, 1024.47,   -95.1,   42.55,5631
SD20,26,02,27,19,56,14,    0.20,   20.67, 1024.51,   -95.4,   42.20,9E6C
SD20,26,02,27,20,06,14,    0.21,   21.09, 1024.52,   -95.5,   41.69,AFAA
SD20,26,02,27,20,16,14,    0.21,   21.35, 1024.58,   -96.0,   41.44,7C9C
SD20,26,02,27,20,36,14,    0.22,   21.61, 1024.62,   -96.3,   40.56,2C73
SD20,26,02,27,20,46,14,    0.22,   21.66, 1024.80,   -97.8,   40.66,ADDA
SD20,26,02,27,20,56,14,    0.22,   21.75, 1024.80,   -97.8,   40.47,BCEC
SD20,26,02,27,21,06,14,    0.22,   21.84, 1024.86,   -98.3,   40.51,CAD7
SD20,26,02,27,21,26,14,    0.22,   22.00, 1024.78,   -97.7,   40.37,5C0E
SD20,26,02,27,21,36,14,    0.22,   22.14, 1024.78,   -97.7,   40.15,EA9B
SD20,26,02,27,21,46,14,    0.22,   22.17, 1024.90,   -98.6,   40.22,518D
SD20,26,02,27,21,51,54,    0.22,   22.15, 1025.04,   -99.8,   40.38,6713
SD20,26,02,27,21,54,10,    0.22,   22.17, 1025.12,  -100.5,   40.42,6DE6
SD20,26,02,27,22,04,10,    0.22,   22.22, 1025.23,  -101.4,   41.09,DCA8
SD20,26,02,27,22,14,10,    0.22,   22.07, 1025.14,  -100.6,   39.86,F9F9
SD20,26,02,27,22,20,39,    0.22,   21.98, 1025.07,  -100.0,   40.71,7B25
SD20,26,02,27,22,30,39,    0.23,   23.74, 1024.97,   -99.2,   36.28,8D7E
SD20,26,02,27,22,40,39,    0.24,   24.03, 1025.00,   -99.4,   35.42,3904
SD20,26,02,27,22,50,40,    0.24,   24.03, 1025.02,   -99.6,   35.26,BE17
SD20,26,02,27,23,10,39,    0.23,   23.96, 1025.22,  -101.3,   35.21,FE57
SD20,26,02,27,23,20,39,    0.23,   23.92, 1025.34,  -102.2,   35.23,D8EB
SD20,26,02,27,23,40,39,    0.23,   23.83, 1025.45,  -103.1,   35.21,CFD1
SD20,26,02,27,23,50,39,    0.23,   23.78, 1025.41,  -102.8,   35.22,B6E0
SD20,26,02,28,00,00,39,    0.23,   23.74, 1025.35,  -102.3,   35.22,A1AE
SD20,26,02,28,00,10,39,    0.23,   23.71, 1025.27,  -101.7,   35.21,93E1
SD20,26,02,28,00,20,39,    0.23,   23.67, 1025.28,  -101.8,   35.21,EAEE
SD20,26,02,28,00,40,39,    0.23,   23.62, 1025.14,  -100.6,   35.09,9466
SD20,26,02,28,00,50,39,    0.23,   23.56, 1025.17,  -100.9,   35.08,DE18
SD20,26,02,28,01,00,39,    0.23,   23.51, 1025.05,   -99.9,   34.99,4AD6
SD20,26,02,28,01,10,39,    0.23,   23.48, 1025.05,   -99.8,   34.91,516B
SD20,26,02,28,01,30,39,    0.23,   23.36, 1025.21,  -101.2,   34.89,92EA
SD20,26,02,28,01,40,39,    0.23,   23.35, 1025.06,   -99.9,   34.77,E859
SD20,26,02,28,01,50,39,    0.23,   23.32, 1024.95,   -99.1,   34.71,77AC
SD20,26,02,28,02,00,39,    0.23,   23.27, 1024.79,   -97.7,   34.72,E0F6
SD20,26,02,28,02,10,39,    0.23,   23.23, 1024.78,   -97.7,   34.66,9939
SD20,26,02,28,02,20,39,    0.23,   23.23, 1024.65,   -96.6,   34.59,0AD8
SD20,26,02,28,02,30,39,    0.23,   23.20, 1024.55,   -95.7,   34.57,1578
SD20,26,02,28,02,40,39,    0.23,   23.19, 1024.35,   -94.1,   34.57,ACF1
SD20,26,02,28,02,50,39,    0.23,   23.11, 1024.27,   -93.4,   34.65,DDF1
SD20,26,02,28,03,10,39,    0.23,   23.10, 1024.23,   -93.1,   34.54,96A5
SD20,26,02,28,03,20,39,    0.22,   23.06, 1024.13,   -92.3,   34.57,6B1A
SD20,26,02,28,03,30,39,    0.23,   23.00, 1024.12,   -92.2,   34.63,B18A
SD20,26,02,28,03,40,39,    0.22,   22.99, 1024.01,   -91.3,   34.58,9E9C
SD20,26,02,28,04,00,39,    0.22,   22.96, 1023.89,   -90.2,   34.48,F604
SD20,26,02,28,04,10,39,    0.22,   22.94, 1023.87,   -90.1,   34.46,187C
SD20,26,02,28,04,20,39,    0.22,   22.90, 1023.89,   -90.3,   34.48,A4BD
SD20,26,02,28,04,30,39,    0.22,   22.90, 1023.90,   -90.4,   34.44,D1E2
SD20,26,02,28,04,50,39,    0.22,   22.85, 1023.89,   -90.3,   34.45,159B
SD20,26,02,28,05,00,39,    0.22,   22.83, 1023.98,   -91.0,   34.40,FFC6
SD20,26,02,28,05,10,39,    0.22,   22.77, 1024.00,   -91.2,   34.42,7513
SD20,26,02,28,05,20,39,    0.22,   22.76, 1024.12,   -92.2,   34.37,4230
SD20,26,02,28,05,40,39,    0.22,   22.74, 1024.19,   -92.8,   34.29,CFB8
SD20,26,02,28,05,50,39,    0.22,   22.70, 1024.31,   -93.8,   34.27,1828
SD20,26,02,28,06,00,39,    0.22,   22.67, 1024.24,   -93.2,   34.28,02F6
SD20,26,02,28,06,10,39,    0.22,   22.64, 1024.16,   -92.6,   34.27,46C9
SD20,26,02,28,06,20,39,    0.22,   22.62, 1024.15,   -92.5,   34.23,62A1
SD20,26,02,28,06,30,39,    0.22,   22.59, 1024.05,   -91.7,   34.21,17AD
SD20,26,02,28,06,40,39,    0.22,   22.58, 1024.07,   -91.8,   34.19,1A9F
SD20,26,02,28,06,50,39,    0.22,   22.57, 1024.02,   -91.3,   34.18,51F1
SD20,26,02,28,07,00,39,    0.22,   22.53, 1023.83,   -89.8,   34.18,13F2
SD20,26,02,28,07,20,39,    0.22,   22.52, 1023.99,   -91.1,   34.14,274A
SD20,26,02,28,07,30,39,    0.22,   22.50, 1024.01,   -91.3,   34.13,27D9
SD20,26,02,28,07,40,39,    0.22,   22.50, 1024.18,   -92.7,   34.08,C275
SD20,26,02,28,07,50,39,    0.22,   22.47, 1024.22,   -93.0,   34.08,A9D3
SD20,26,02,28,08,10,39,    0.22,   22.48, 1024.32,   -93.9,   34.10,1C42
SD20,26,02,28,08,20,39,    0.22,   22.52, 1024.27,   -93.5,   34.97,2A84
SD20,26,02,28,08,30,39,    0.22,   22.93, 1024.28,   -93.5,   34.71,7692
SD20,26,02,28,08,50,39,    0.23,   23.40, 1024.38,   -94.3,   34.51,A6BE
SD20,26,02,28,09,00,39,    0.23,   23.52, 1024.49,   -95.3,   34.56,74E9
SD20,26,02,28,09,10,39,    0.23,   23.66, 1024.46,   -95.0,   45.48,E335
SD20,26,02,28,09,20,39,    0.23,   23.57, 1024.49,   -95.2,   35.00,CC5C
SD20,26,02,28,09,40,39,    0.23,   23.68, 1024.40,   -94.5,   35.09,051D
SD20,26,02,28,09,50,39,    0.23,   23.63, 1024.35,   -94.1,   35.18,080B
SD20,26,02,28,10,00,39,    0.23,   23.69, 1024.41,   -94.6,   35.28,C8F1
SD20,26,02,28,10,10,39,    0.23,   23.77, 1024.58,   -96.0,   35.26,759D
SD20,26,02,28,10,30,39,    0.23,   23.85, 1024.63,   -96.4,   35.32,5CD7
SD20,26,02,28,10,40,39,    0.24,   24.10, 1024.60,   -96.2,   34.89,FB5E
SD20,26,02,28,10,50,39,    0.24,   24.34, 1024.57,   -95.9,   34.52,33B0
SD20,26,02,28,11,00,39,    0.24,   24.50, 1024.55,   -95.7,   34.17,2742
SD20,26,02,28,11,20,39,    0.24,   24.30, 1024.21,   -93.0,   34.59,1FB3
SD20,26,02,28,11,30,39,    0.24,   24.34, 1024.09,   -92.0,   34.63,5DB7
SD20,26,02,28,11,40,39,    0.24,   24.52, 1023.97,   -91.0,   34.30,E41E
SD20,26,02,28,11,50,39,    0.24,   24.55, 1023.79,   -89.5,   34.19,6C43
SD20,26,02,28,12,10,39,    0.24,   24.45, 1023.47,   -86.7,   33.73,D1E2
SD20,26,02,28,12,20,39,    0.24,   24.40, 1023.40,   -86.3,   33.76,38C1
SD20,26,02,28,12,30,39,    0.24,   24.45, 1023.17,   -84.4,   33.56,88E0
SD20,26,02,28,12,40,39,    0.24,   24.35, 1023.00,   -82.9,   33.70,4707
SD20,26,02,28,13,00,39,    0.24,   24.17, 1022.83,   -81.5,   33.95,06F5
SD20,26,02,28,13,10,39,    0.24,   24.12, 1022.89,   -82.0,   34.00,D75F
SD20,26,02,28,13,20,39,    0.24,   24.04, 1022.95,   -82.6,   34.05,A041
SD20,26,02,28,13,30,39,    0.23,   23.92, 1022.77,   -81.1,   34.17,699F
SD20,26,02,28,13,50,39,    0.23,   23.99, 1022.46,   -78.5,   34.64,1910
SD20,26,02,28,14,00,39,    0.23,   23.86, 1022.33,   -77.4,   34.62,9663
SD20,26,02,28,14,10,39,    0.23,   23.80, 1022.24,   -76.7,   34.56,25E4
SD20,26,02,28,14,20,39,    0.23,   23.75, 1022.27,   -76.9,   34.51,09F1
SD20,26,02,28,14,40,39,    0.23,   23.68, 1021.94,   -74.2,   34.42,1F7B
SD20,26,02,28,14,50,39,    0.23,   23.63, 1021.86,   -73.5,   34.27,BDA4
SD20,26,02,28,15,00,39,    0.23,   23.65, 1021.75,   -72.6,   34.40,FB5D
SD20,26,02,28,15,10,39,    0.23,   23.60, 1021.65,   -71.8,   34.55,3DDF
SD20,26,02,28,15,30,39,    0.23,   23.61, 1021.63,   -71.7,   34.19,EAEB
SD20,26,02,28,15,40,39,    0.23,   23.79, 1021.53,   -70.8,   33.93,588E
SD20,26,02,28,15,50,39,    0.23,   23.92, 1021.37,   -69.5,   33.78,4702
SD20,26,02,28,16,00,39,    0.23,   23.97, 1021.25,   -68.5,   33.73,A6AD
SD20,26,02,28,16,20,39,    0.23,   23.82, 1020.96,   -66.1,   33.94,E93A
SD20,26,02,28,16,30,39,    0.23,   23.73, 1020.91,   -65.7,   34.00,A9C3
SD20,26,02,28,16,40,39,    0.23,   23.80, 1020.80,   -64.7,   34.08,3E9A
SD20,26,02,28,16,50,39,    0.23,   23.91, 1020.73,   -64.2,   33.91,D1E0
SD20,26,02,28,17,10,39,    0.23,   23.90, 1020.57,   -62.9,   33.83,C65B
SD20,26,02,28,17,20,39,    0.23,   23.76, 1020.57,   -62.9,   33.99,AE99
SD20,26,02,28,17,30,39,    0.23,   23.72, 1020.54,   -62.6,   34.24,2D8E
SD20,26,02,28,17,40,39,    0.23,   23.74, 1020.63,   -63.3,   34.19,E7A3
SD20,26,02,28,18,00,39,    0.23,   23.98, 1020.61,   -63.2,   34.31,68CD
SD20,26,02,28,18,10,39,    0.23,   24.15, 1020.51,   -62.3,   33.82,3F18
SD20,26,02,28,18,20,39,    0.24,   24.23, 1020.49,   -62.2,   33.73,DA3F
SD20,26,02,28,18,30,39,    0.24,   24.29, 1020.67,   -63.7,   33.97,3800
SD20,26,02,28,18,50,39,    0.24,   24.25, 1020.83,   -65.0,   34.29,6217
SD20,26,02,28,19,00,39,    0.24,   24.30, 1020.84,   -65.1,   34.29,F227
SD20,26,02,28,19,10,39,    0.24,   24.38, 1020.83,   -65.0,   34.10,F21B
SD20,26,02,28,19,20,39,    0.24,   24.39, 1020.93,   -65.9,   33.64,4FD9
SD20,26,02,28,19,40,39,    0.24,   24.18, 1020.97,   -66.2,   33.84,FC16
SD20,26,02,28,19,50,39,    0.23,   24.07, 1020.99,   -66.3,   33.87,A6D7
SD20,26,02,28,20,00,39,    0.23,   23.98, 1020.96,   -66.1,   34.10,C8AB
SD20,26,02,28,20,10,39,    0.23,   23.99, 1021.04,   -66.7,   34.16,3381
SD20,26,02,28,20,30,39,    0.23,   24.19, 1021.10,   -67.3,   33.75,FA55
SD20,26,02,28,20,40,39,    0.23,   24.23, 1021.06,   -66.9,   33.55,6B54
SD20,26,02,28,20,50,39,    0.23,   24.22, 1021.15,   -67.6,   33.58,ECEE
SD20,26,02,28,21,00,39,    0.23,   24.24, 1021.15,   -67.6,   33.56,0795
SD20,26,02,28,21,20,39,    0.23,   24.09, 1021.28,   -68.7,   33.78,0D0E
SD20,26,02,28,21,30,39,    0.23,   24.02, 1021.32,   -69.1,   34.00,63F2
SD20,26,02,28,21,40,39,    0.23,   24.04, 1021.29,   -68.8,   33.94,9023
SD20,26,02,28,21,50,39,    0.23,   24.01, 1021.23,   -68.3,   33.96,BD84
SD20,26,02,28,22,10,39,    0.23,   24.00, 1021.44,   -70.0,   33.99,803A
SD20,26,02,28,22,20,39,    0.23,   23.92, 1021.49,   -70.4,   34.05,D1FF
SD20,26,02,28,22,30,39,    0.23,   23.84, 1021.43,   -70.0,   34.16,7B7E
SD20,26,02,28,22,40,39,    0.23,   23.83, 1021.52,   -70.7,   33.73,A78F
SD20,26,02,28,23,00,39,    0.23,   23.94, 1021.61,   -71.4,   34.26,ACD7
SD20,26,02,28,23,10,39,    0.23,   23.78, 1021.54,   -70.9,   34.05,4AA6
SD20,26,02,28,23,20,39,    0.23,   23.64, 1021.51,   -70.7,   34.18,7A69
SD20,26,02,28,23,30,39,    0.23,   23.55, 1021.46,   -70.2,   34.32,8097
SD20,26,02,28,23,50,39,    0.23,   23.44, 1021.56,   -71.1,   34.46,515E
